,tag_total,date
0,"['#우리집강아지', '#만두', '#사모예드', '#사모예드만두', '#솜사탕', '#뽀송뽀송', '#비좀그만', '#엄마힘들어', '#샤워', '#말리는데', '#시간다감', '#mandoothesamoyeddog', '#cottoncandy', '#ourdog', '#samoyed', '#nomoreshower', '#thismonth', '#pleasestopraining']",2021-09-23T23:31:17.000Z
1,"['#이제어린이', '#만두', '#개린이']",2021-09-23T23:30:56.000Z
2,"['mandoothesamoyed', '#우리집강아지', '#만두', '#사모예드', '#사모예드만두', '#솜사탕', '#뽀송뽀송', '#비좀그만', '#엄마힘들어', '#샤워', '#말리는데', '#시간다감', '#mandoothesamoyeddog', '#cottoncandy', '#ourdog', '#samoyed', '#nomoreshower', '#thismonth', '#귀엽다', '#pleasestopraining']",2021-09-23T23:30:29.000Z
3,"['#먹스타그램', '#맛스타그램', '#먹방', '#맛집', '#그릭요거트', '#과일샐러드', '#푸드스타그램', '#협찬', '#리코타치즈', '#죽집', '#팔로우', '#요리', '#커피', '#인스타그램', '#라면', '#온더테이블', '#협찬모집', '#요거트', '#불금', '#일상스타그램', '#만두', '#집밥스타그램', '#fff', '#lfl', '#푸드', '#フォローミー', '#푸드아트', '#아침', '#instafood', '#라죽']",2021-09-23T23:07:12.000Z
4,"['#백일', '#떡', '#옛날떡집', '#옛날떡방', '#만두']",2021-09-23T22:49:51.000Z
5,"['#tbt❤️', '#hodorifloripa', '#comidacoreana', '#koreanfood', '#korea', '#korean', '#deliveryfloripa', '#menudino', '#ifoodfloripa', '#kimchi', '#mandu', '#gyoza', '#guioza', '#jiaozi', '#comidasaudavel', '#santacatarina', '#만두']",2021-09-23T22:01:51.000Z
6,"['#집밥', '#저녁', '#저녁메뉴', '#짜장면', '#유니짜장', '#탕수육', '#탕수만두', '#만두', '#중국요리', '#일상', '#홈쿡', '#Food', '#Koreanfood', '#Dinner', '#Jjajangmyeon', '#Noodle', '#Dumpling', '#Tangsuyuk', '#Cooking', '#행복한우리집']",2021-09-23T20:59:49.000Z
7,"['#만두', '#만두만두만두', '#역시', '#집이', '#최고야', '#환절기', '#감기조심', '#건강', '#일상', '#집밥', '#왜쉬는날인데', '#바쁘지', '#온몸이', '#쑤시고', '#너무', '#졸리다']",2021-09-23T20:32:34.000Z
8,"['#주묘', '#酒猫', '#소금구이', '#타래구이', '#くしやき', '#쿠시야키', '#꼬치구이', '#일본식꼬치구이', '#야끼교자', '#일본식만두', '#교자', '#만두', '#손만두', '#송파구', '#삼전동', '#석촌고분역', '#이자카야', '#술집', '#혼술', '#길냥이를사랑해주세요', '#야옹', '#집사', '#일터', '#일상', '#ㅋㅋㅋ', '#강남구누른']",2021-09-23T19:33:14.000Z
9,"['#부산대술집', '#구워삶기', '#존맛', '#새우튀김', '#만두', '#치즈볶음밥', '#부산대맛집', '#구워삶기부산대점']",2021-09-23T18:17:16.000Z
10,"['#초계국수', '#초계비빔국수', '#면빨', '#왕만두', '#라이더', '#음식', '#냉반', '#뀨슐랭가이드', '#팔당초계국수', '#초계국수', '#비빔국수', '#팔당맛집', '#팔당댐', '#하남맛집', '#하남스타필드', '#맛집다니는남자', '#만두', '#팔당', '#하남', '#남양주맛집', '#남양주', '#자전거', '#국토종주', '#국도종주자전거길', '#맛집']",2021-09-23T17:07:41.000Z
11,"['#ASMR', '#咀嚼音', '#YouTube', '#ギョーザ', '#餃子', '#ぎょうざ', '#dumpling', '#饺子', '#만두', '#炒飯', '#チャーハン', '#Fried', '#볶음밥', '#炒饭', '#冷凍食品', '#bba']",2021-09-23T16:59:25.000Z
12,"['#餃子の王さま', '#餃子の王さま浅草', '#餃子', '#만두', '#もやしそば', '#浅草', '#浅草散策', '#浅草グルメ', '#음식', '#맛집', '#인스타푸드', '#푸드', '#푸드스타그램', '#먹스타그램', '#먹스타', '#맛스타그램', '#밥스타그램', '#냠냠', '#좋아요', '#좋반', '#좋아요반사', '#인친', '#일상스타그램', '#일상', '#소통', '#소통그램', '#맞팔']",2021-09-15T04:57:09.000Z
13,"['#하늘맛집', '#구름맛집', '#우리집작은방에서', '#반려견', '#강아지', '#똥강아지', '#댕댕이', '#멍멍이그램', '#댕댕이그램', '#멍뭉이', '#멍멍이', '#개딸', '#개아들', '#내소중이', '#흰둥이', '#누렁이', '#댕댕이일상', '#댕맘일상', '#일상', '#힐링', '#즐거운기운', '#행복한기운', '#좋은기운나눠요', '#비숑', '#비숑프리제', '#만두', '#말티푸', '#오뎅']",2020-09-19T06:52:21.000Z
14,"['#반려견', '#강아지', '#똥강아아지', '#댕댕이', '#멍멍이그램', '#댕댕이그램', '#멍뭉이', '#멍멍이', '#개딸', '#개아들', '#내소중이', '#흰둥이', '#누렁이', '#댕댕이일상', '#댕맘일상', '#일상', '#힐링', '#즐거운기운', '#행복한기운', '#좋은기운나눠요', '#비숑', '#비숑프리제', '#만두', '#말티푸', '#오뎅']",2020-09-18T07:18:45.000Z
15,"['#차전레츠꼬', '#뛰뛰하고', '#목욕타임', '#기다리는중', '#내똥강아지', '#내보물', '#내새끼', '#내소중이', '#반려견', '#댕댕이일상', '#말티푸', '#비숑프리제', '#오뎅', '#만두', '#댕댕이', '#댕팔', '#멍팔', '#개팔', '#힐링', '#강아지친구', '#힐링', '#맞팔', '#김포한강신도시', '#김포', '#댕맘', '#코로나사라져라', '#♥️']",2021-09-23T16:16:46.000Z
16,"['#동탄맛집투어', '#동탄맛집', '#동탄맛집추천', '#동탄맛집', '#동탄롯데백화점맛집', '#롯데백화점동탄점', '#롯데백화점동탄점맛집', '#구복만두', '#구복만두롯데백화점동탄점', '#수전포', '#쉐이젠빠오', '#동탄만두', '#만두', '#만두맛집', '#yakigyoza', '#水煎包', '#michelinguidebibgourmand', '#bibgourmand', '#michelinguide', '#michelinrestaurant']",2021-09-23T16:04:53.000Z
17,"['#오빠야네', '#첫째', '#아들', '#만두', '#골든리트리버', '#살', '#건강하자', '#♥️', '#제주', '#바람아멈추어다오', '#jeju', '#jejuisland', '#goldenretriever']",2021-09-23T15:39:31.000Z
18,"['#everydaymandoostory', '#mandoo', '#puppylove', '#puppystagram', '#puppygram', '#puppylife', '#cutenessoverload', '#cutedog', '#dailydoseofcute', '#cutedog', '#ilovemydog', '#만두', '#만두강아지', '#강아지', '#강아지일상', '#강아지그램', '#강아지스타그램', '#우리집강아지']",2021-09-23T15:25:09.000Z
19,"['#만두', '#야식스타그램', '#서울', '#홍대', '#강남', '#맛집', '#팔로우', '#맞팔로우', '#선팔', '#소통', '#먹스타그램', '#일상', '#데일리', '#혼밥', '#혼술스타그램', '#오늘뭐먹지', '#맛스타그램', '#먹스타그램', '#followforfollowback', '#following', '#tattoo', '#happy', '#healing', '#instadaily', '#dailylife', '#health', '#daily', '#day', '#フォローバック', '#いいねした人全員ファローする']",2021-09-23T15:22:52.000Z
20,"['#냉면', '#만두', '#냉면맛집', '#유천냉면', '#일상', '#먹스타그램', '#먹스타', '#맛집']",2021-09-23T15:01:32.000Z
21,"['#전국맛집투어', '#맛집', '#만두', '#삼창교자', '#맛집여행', '#만두맛집', '#맛집스타그램', '#서울맛집', '#신사동맛집', '#압구정맛집', '#맛집추천', '#맛스타그램']",2021-09-23T15:01:30.000Z
22,"['#만두', '#구교환', '#구교환남친짤', '#그대의눈동자에치얼스', '#눈동자', '#셀카', '#일상', '#일상스타그램', '#기록', '#오늘아님주의', '#팔로우백', '#선팔후맞팔', '#댓글환영', '#좋아요테러반사', '#좋아요늘리기', '#lfl', '#following', '#daily', '#selfie']",2021-09-23T14:47:16.000Z
23,"['#고양이', '#만두', '#꿀주먹', '#핵꿀밤']",2021-09-23T14:40:58.000Z
24,"['#만두', '#고양이', '#냥스타그램', '#보물고블린']",2021-09-23T14:39:27.000Z
25,"['#골든햄스터', '#햄스터', '#만두', '#밀웜', '#생밀웜', '#goldenhamster', '#hamster', '#mandoo']",2021-09-23T14:33:50.000Z
26,"['#떡만두국', '#만두', '#또아리만두']",2021-09-23T14:26:56.000Z
27,"['#연밀', '#빙화만두', '#삼치만두', '#건두부볶음']",2021-09-23T14:22:27.000Z
28,"['#ktx', '#구포', '#구포역', '#부산', '#만두', '#군만두', '#물만두', '#찐만두', '#금용', '#금용만두', '#순간의안식처']",2021-09-23T14:20:20.000Z
29,"['#娘娘', '#ぎょうざの娘娘', '#久留米', '#一口餃子', '#焼き餃子', '#水餃子', '#もろきゅう', '#餃子', '#好吃', '#ギョーザ', '#ぎょうざ', '#久留米グルメ', '#福岡餃子', '#福岡ぎょうざ', '#福岡ランチ', '#福岡グルメ', '#만두', '#gyoza', '#dumplings', '#potstickers']",2021-09-23T14:19:44.000Z
30,"['#좋반', '#좋아요반사', '#좋아요그램', '#좋아요테러', '#좋아요반사테러', '#반사테러', '#팔하면팔', '#맞팔', '#자맞', '#칼맞', '#팔로우환영', '#좋아요환영', '#팔로우그램', '#fff', '#ff', '#fyp', '#fypシ', '#fffffffffffffffffffffffffffffffffffffffffffffffffffffffffffffffffffffffffffffffffffffffffffffffffffffffffffffffffff', '#떡상', '#카페', '#좋아요팔로우', '#핱', '#떡상하자', '#떡볶이', '#만두', '#튀김', '#순대', '#간', '#치즈스틱', '#김말이']",2021-09-23T14:17:47.000Z
31,"['#육퇴', '#야식', '#만두', '#컵라면', '#먹스타그램', '#돼지런', '#주부일상', '#아가리다이어터', '#줌마그램', '#홈쿡', '#좋반', '#홈스타그램', '#부부스타그램', '#부부일상', '#좋테', '#맞좋']",2021-09-23T14:13:45.000Z
32,"['#딸그램', '#딸스타그램', '#딸랑구', '#딸램', '#딸래미', '#초딩', '#어린이', '#키즈', '#만세', '#딸', '#만두']",2021-09-23T14:10:30.000Z
33,"['#전주콩나물국밥', '#만두', '#깍두기', '#오징어젓갈', '#저녁메뉴', '#먹스타맞팔', '#먹스타그램', '#먹스타', '#먹팔', '#맞팔', '#선팔', '#환영', '#소통해요']",2021-09-23T14:08:49.000Z
34,"['n_on_ob', '_____rrnn', 'threepants', 'mj_jeon_', '#만두', '#우정']",2021-09-23T14:08:18.000Z
35,"['#여백의미', '#만두', '#먼치킨', '#고양이', '#고양이세마리', '#봄봄캣츠']",2021-09-23T14:06:48.000Z
36,"['#청담마토', '#raclette', '#녹두전', '#수수부꾸미', '#LA갈비', '#떡볶이', '#오뎅', '#만두', '#champagne', '#miniere', '#influence', '#cuvée']",2021-09-23T14:06:30.000Z
37,"['#소금', '#만두', '#포메', '#포메라니안', '#반려견', '#반려스타그램', '#댕댕이', '#솜뭉치']",2021-09-23T14:03:28.000Z
38,"['dumplingclubsf', '#gyoza', '#만두', '#gyoja', '#mandoo', '#mandu', '#饅頭', '#soupdumplings', '#xlb', '#xiaolongbao', '#wonton', '#frieddumpling', '#dumplings', '#餃', '#水饺', '#水餃', '#jiaozi', '#餃子', '#crispybottoms', '#dumpling', '#somelikeitsteamed', '#eatdumplings', '#frieddumplings', '#dumplingtourtuesday']",2021-09-23T14:02:24.000Z
39,"['#멍스타그램', '#반려견', '#만두', '#ff', '#follow', '#좋아요반사', '#좋반', '#좋아요', '#followfollow', '#likelike', '#dog', '#puppy', '#petstagram', '#instadog', '#맞팔', '#맞팔환영', '#반려동물', '#개스타그램', '#댕댕이', '#견스타그램', '#선팔맞팔', '#フォローバック', '#멍팔', '#멍팔환영', '#멍팔해요']",2021-09-23T13:59:39.000Z
40,"['#만두', '#일아기', '#우리이제자자', '#내일은', '#드디어', '#유쳔가는날', '#야호']",2021-09-23T13:47:21.000Z
41,"['#밤', '#텐트', '#캠핑', '#라면', '#만두']",2021-09-23T13:40:01.000Z
42,"['#만두', '#김치만두', '#스스로만족중']",2021-09-23T13:37:36.000Z
43,"['#초코브라운토이푸들', '#개월', '#댕댕이그램', '#만두', '#산책친구']",2021-09-23T13:32:42.000Z
44,"['#추석', '#명절음식', '#배부름주의', '#맬맬술', '#생일', '#생파', '#호캉스', '#샴페인', '#beer', '#소주', '#닭발', '#주먹밥', '#편육', '#만두', '#신라스테이마포']",2021-09-23T13:32:22.000Z
45,"['#팔도', '#왕뚜껑', '#컵라면', '#미니스톱', '#내돈내산', '#내돈내먹', '#칼국수', '#잔치국수', '#만두', '#수제비', '#라면', '#혼밥', '#짬뽕', '#고추짬뽕', '#우동', '#막국수', '#면스타그램', '#칼국수맛집', '#파스타', '#혼술', '#맛집추천', '#맛집스타그램', '#먹스타그램', '#맛집탐방', '#매운음식', '#먹팔', '#먹스타맞팔', '#먹방', '#먹방맞팔', '#맛집']",2021-09-23T13:30:20.000Z
46,"['#야식', '#만두', '#잘먹는다']",2021-09-23T13:22:19.000Z
47,"['#원주', '#북촌손만두', '#새우', '#만두', '#먹스타그램', '#먹팔', '#여행스타그램', '#여행', '#요리스타그램', '#요리', '#혠님원주', '#혠님만두', '#shrimp', '#mandu', '#dumplings', '#foodie', '#foodiehyennimm', '#instafood', '#instagood']",2021-09-23T13:21:44.000Z
48,"['eunsun', '#매운맛', '#분홍색', '#만두', '#초록초록', '#칼국수', '#만두전골', '#오늘', '#픽', '#피드', '#구경', '#따라', '#맛집', '#맛나다', '#오랜만에', '#이집', '#배불배불', '#순한맛', '#싫어요', '#매콤매콤', '#딱', '#입맛', '#배고프다', '#먹어서', '#더', '#꿀맛', '#행복한시간', '#목요일', '#젤조아']",2021-09-23T13:16:51.000Z
49,"['#비비고', '#bibigo', '#왕교자', '#만두']",2021-09-23T13:13:51.000Z
50,"['#제니', '#에이스침대', '#에이스침대사생대회', '#만두', '#에이스침대사랑합니다']",2021-09-23T13:03:56.000Z
51,"['#이열치열', '#황해칼국수', '#최고', '#중랑구', '#맛집', '#중랑구맛집', '#묵동맛집', '#태릉입구', '#태릉입구맛집', '#칼국수맛집', '#칼국수', '#칼만두', '#손만두', '#만두', '#만두맛집', '#dumplings', '#저녁', '#외식', '#JMT', '#먹스타그램', '#맛스타그램', '#food', '#tasty', '#일상', '#daily']",2021-09-23T13:02:12.000Z
52,"['#우리집', '#새가족', '#자두', '#호두', '#대두', '#앵두', '#만두', '#연두', '#잘부탁해']",2021-09-23T12:49:19.000Z
53,"['#가야밀면', '#해운대가야밀면', '#밀면', '#밀면곱배기', '#비빔면', '#비빔밀면', '#비빔밀면곱배기', '#먹스타그램', '#먹스타', '#맛스타그램', '#맛스타', '#먹방', '#비빔면곱배기', '#만두', '#밀면스타그램', '#만두스타그램', '#부산', '#부산맛집', '#부산맛집추천', '#해운대', '#해운대맛집', '#해운대맛집추천', '#부산밀면', '#부산밀면추천', '#해운대밀면', '#해운대밀면추천', '#해운대밀면맛집', '#해운대밀면맛집추천', '#부산밀면맛집추천', '#부산밀면맛집']",2021-09-23T12:45:16.000Z
54,"['#일상그램', '#일상스타그램', '#일상그램', '#야끼교자', '#만두', '#음식', '#음식스타그램', '#음식그램', '#요리', '#요리스타그램', '#요리그램', '#안주', '#술안주', '#food', '#foodstagram', '#foodgram']",2021-09-23T12:45:03.000Z
55,"['#자유', '#박일', '#보고싶어', '#만두', '#찐빵', '#복순이', '#세젤귀', '#핵귀', '#내보물', '#떼쟁이']",2021-09-23T12:12:40.000Z
56,"['#인덕원비빔국수', '#만두', '#갈비만두', '#비빔국수', '#잔치국수', '#밴댕이', '#육수', '#양재동맛집', '#매봉역맛집', '#국수맛집', '#곱배기', '#koreanfood', '#koreannoodle', '#noodles']",2021-09-23T12:39:44.000Z
57,"['#구로', '#구로맛집', '#가리봉동', '#가리봉동맛집', '#월래순교자관', '#군만두', '#완탕', '#오이무침', '#향라육슬', '#볶음밥', '#만두', '#교자', '#餃子', '#浩의好食', '#호의호식']",2021-09-23T12:39:40.000Z
58,"['#집밥', '#비빔국수', '#만두', '#집밥스타그램']",2021-09-23T12:31:13.000Z
59,"['#한강공원', '#한강라면', '#한강', '#여의도한강공원', '#야경', '#라면', '#야식', '#맛팔', '#먹팔', '#먹스타그램', '#맛스타그램', '#먹자', '#돼지스타그램', '#돼지로가는길', '#언제까지찔꺼니', '#포동포동', '#음식스타그램', '#신라면', '#만두', '#가을인가봐', '#가을가을해', '#쌀쌀', '#읏추읏추', '#퇴근', '#여유로움', '#저녁메뉴']",2021-09-23T12:28:36.000Z
60,"['#복숭아아빠', '#만두', '#김치만두', '#고기만두', '#에어프라이어', '#비비고만두', '#막걸리', '#잣막걸리']",2021-09-23T12:23:20.000Z
61,"['#월일', '#선선해서좋다', '#센스있는게으름뱅이', '#영주시', '#나드리', '#배고파', '#쫄면', '#만두', '#맛점', '#은수좋은날', '#오늘도화팅']",2021-09-23T12:22:56.000Z
62,"['#대구', '#가창모락모락찐빵길', '#만두', '#찐빵', '#추억여행', '#서울가기싫다', '#고양이', '#cat', '#catstagram', '#냥스타그램', '#호찐빵만두나라']",2021-09-23T12:21:24.000Z
63,"['#수원맛집', '#연밀', '#수원', '#수원맛집', '#만두', '#먹스타그램', '#먹스타', '#먹스타맞팔', '#먹팔', '#먹부림', '#만두맛집', '#맛집', '#맛스타그램', '#맛집추천', '#맛집스타그램', '#맛집탐방', '#먹팔해요', '#맛팔']",2021-09-23T12:21:10.000Z
64,"['#제주도', '#제주도여행', '#여행스타그램', '#면뽑는선생만두빚는아내', '#한림맛집', '#내돈내산', '#힐링', '#칼국수', '#만두']",2021-09-23T12:15:24.000Z
65,"['#뒷북', '#먹방', '#서면nc', '#점심은', '#청년다방', '#차돌로제떡볶이', '#튀김', '#만두', '#쿨다방', '#대구막창이', '#정관', '#돼지막창', '#오도독갈비', '#돼지껍데기', '#콘치즈', '#번데기에']",2021-09-23T12:03:22.000Z
66,"['#추석', '#명절음식', '#치킨', '#잡채', '#LA갈비', '#갈비탕', '#쌀밥', '#햄버거', '#버거킹', '#라면', '#진라면', '#고깃국', '#홈쿡', '#집밥', '#튀긴만두', '#만두', '#찐만두', '#창펀', '#비비큐', '#마요네즈치킨', '#멕시카나', '#연휴', '#고기전', '#동태전', '#집밥그램']",2021-09-23T11:53:33.000Z
67,"['#귀여운발가락', '#만두', '#돼지', '#김어흥']",2021-09-23T11:48:23.000Z
68,"['#밥스타그램', '#비빔국수', '#만두', '#맞팔', '#소통', '#요리']",2021-09-23T11:45:03.000Z
69,"['#블란서스튜디오', '#옥수수찐빵', '#만두']",2021-09-23T11:42:54.000Z
70,"['#라볶이', '#치즈돈까스', '#참치김밥', '#납작만두']",2021-09-23T11:40:47.000Z
71,"['#추석연휴마지막날', '#광명동굴', '#동굴', '#아이랑가기좋은곳', '#망향비빔국수', '#만두', '#존맛탱']",2021-09-23T11:40:02.000Z
72,"['#장어탕', '#만두', '#명절음식', '#냉털', '#비빔밥', '#옴뇸뇸', 'keunbada_official', '#밀키트', '#체험단', '#통장어', '#통장어곰탕', '#큰바다장어', '#큰바다통장어곰탕', '#곰탕', '#장어', '#힘내자', '#먹스타그램', '#요리스타그램', '#집밥', '#집밥그램', '#간식', '#간식그램', '#야식', '#맛집', '#먹팔', '#맞팔', '#일상기록', '#남매그램', '#홈파티', '#찐소통', '#선팔']",2021-09-23T11:38:04.000Z
73,"['#명일동맛집', '#강동구맛집', '#명일역맛집', '#골뱅이', '#안주', '#안주맛집', '#명불허전', '#칼국수', '#잔치국수', '#만두', '#수제비', '#라면', '#짬뽕', '#고추짬뽕', '#막국수', '#면스타그램', '#칼국수맛집', '#멸치국수', '#파스타', '#혼술', '#맛집추천', '#맛집스타그램', '#먹스타그램', '#맛집탐방', '#매운음식', '#먹팔', '#먹스타맞팔', '#먹방', '#먹방맞팔', '#맛집']",2021-09-23T11:33:44.000Z
74,"['#中秋節快樂', '#해피추석', '#midautumnfestival', '#lunch', '#chickenwings', '#chicken', '#squid', '#dumplings', '#fishball', '#takeaway', '#jmt', '#yummy', '#lifestyle', '#daily', '#추석', '#점심', '#치킨', '#오징어', '#만두', '#테이크아웃', '#냠냠', '#먹스타그램', '#맛스타그램', '#맛있다', '#존맛', '#존맛탱', '#좋아요', '#라이프스타일', '#일상', '#데일리']",2021-09-23T11:33:33.000Z
75,"['#먹스타그램', '#먹스타맞팔', '#먹스타', '#만두', '#만두맛집', '#김치만두', '#고기만두', '#얇은피만두', '#음식', '#음식스타그램', '#만두스타그램', '#맞팔', '#맞팔환영', '#선팔하면맞팔', '#댓글', '#댓', '#댓글환영', '#소통', '#food', '#foodstagram', '#likeforlikes', '#followforfollowback', '#광주', '#송정동', '#햇살만두', '#인친', '#먹팔', '#먹팔맞팔', '#인친환영', '#followｍe']",2021-09-23T11:32:40.000Z
76,"['#아들', '#육아', '#육아스트레스', '#만두', '#첫찌', '#만두만들기', '#키즈쿠킹', '#추석음식', '#일상', '#소통', '#아들', '#아들스타그램', '#요리', '#반찬', '#집반찬', '#유아간식']",2021-09-23T11:29:13.000Z
77,"['#밀면', '#만두', '#육전밀면', '#역시맛나다', '#일상', '#비빔밀면']",2021-09-23T11:29:09.000Z
78,"['#맛난저녁', '#비빔국수', '#만두']",2021-09-23T11:28:38.000Z
79,"['#명절', '#음식', '#역시', '#불멍', '#스팸', '#맛있다', '#만두', '#그리고', '#가을', '#구름', '#맛집']",2021-09-23T11:25:07.000Z
80,"['#별난만두', '#만두', '#사골', '#만두국', '#김밥', '#분식', '#만두맛집', '#인제맛집', '#홍천맛집']",2021-09-23T11:22:41.000Z
81,"['#만두', '#장인의집', '#저녁']",2021-09-23T11:15:48.000Z
82,"['#金海', '#地元', '#젤미가야밀면', '#ミルミョン', '#밀면', '#麺テロ', '#면스타그램', '#만두', '#만두스타그램', '#冷麺', '#인스타푸드', '#먹스타그램', '#먹부림', '#먹방', '#韓国料理', '#instargram', '#釜山グルメ', '#グルメ', '#韓国グルメ', '#食べスタグラム', '#食べ歩き', '#インスタフード', '#お洒落', '#韓国', '#韓国男子', '#ヘアサロンモデル', '#サロンモデル']",2021-09-23T11:10:54.000Z
83,"['#韓国', '#韓国好きな人と繋がりたい', '#日本好きな人と繋がりたい', '#韓国旅行', '#旅行', '#韓国語', '#韓国語勉強中', '#日本勉強中', '#日韓', '#한국어공부중', '#한국좋아하는사람과연결되고싶다', '#일본좋아하는사람과연결되고싶다', '#한국여행', '#여행', '#일본어공부', '#한국너무좋아', '#韓国餃子', '#マンドゥ', '#キムチマンドゥ', '#美味しかった', '#恋しい', '#한국만두', '#만두', '#맛있었다', '#맛있었요', '#그리운음식', '#김치만두']",2021-09-23T11:06:14.000Z
84,"['#남포', '#남포카페', '#강아지카페', '#만두', '#더타임나우', '#thetimenow']",2021-09-23T10:56:16.000Z
85,"['#무침회', '#납작만두', '#푸른회식당', '#저녁', '#저녁스타그램', '#반고개무침회', '#맛집추천', '#만두', '#요리스타그램', '#먹스타그램', '#먹스타', '#먹스타맞팔', '#먹팔', '#맛스타', '#맛스타그램', '#맛스타맞팔', '#푸드스타그램', '#먹방', '#먹방스타그램', '#먹부림', '#먹방그램', '#먹방샷', '#좋반', '#좋아요반사', '#맞팔', '#선팔하면맞팔', '#좋튀', '#일상스타그램', '#인친환영']",2021-09-23T10:49:24.000Z
86,"['#만두만들기', '#만두', '#집만두', '#손만두', '#저녁메뉴', '#저녁', '#손만두만들기', '#만두', '#고기만두', '#오늘저녁', '#오늘저녁메뉴', '#뭐먹지', '#집밥', '#집밥요리', '#점심메뉴', '#메뉴추천', '#만두맛집', '#요리하는여자', '#요리는즐거워', '#메뉴결정', '#장보기', '#오늘저녁밥상', '#만두스타그램', '#만두좋아', '#힘들다', '#혼자요리', '#메뉴', '#점심메뉴추천', '#만두맛집']",2021-09-23T10:40:55.000Z
87,"['#점심', '#도시락', '#와이프', '#아내', '#남편', '#벤또', '#Lunch', '#bento', '#wife', '#弁当', '#お昼', '#lunchbox', '#맛점', '#회사', '#점심시간', '#회사원', '#밥', '#반찬', '#소고기', '#돼지고기', '#만두', '#야채', '#채소', '#가지', '#닭가슴살', '#주먹밥', '#두부', '#브로콜리', '#상추', '#샌드위치']",2021-09-23T10:39:04.000Z
88,"['#삼촌', '#삼촌칼국수', '#칼국수밀키트', '#후기', '#배달', '#포장', '#밀키트', '#대구맛집', '#칼국수맛집', '#법원맛집', '#수성구맛집', '#홈쿡', '#집밥', '#요리', '#캠린이', '#캠핑장', '#여행', '#오토캠핑장', '#라면', '#칼국수', '#캠핑', '#만두', '#직화양념불고기', '#만두', '#어디서든', '#편하게']",2021-09-23T10:38:14.000Z
89,"['#생일', '#선물', '#생일선물', '#필드', '#실크밸리cc', '#골프', '#드라이버', '#아이언', '#날씨', '#멋진', '#titleist', '#tsi드라이버', '#titleistprov', '#막걸리', '#순대', '#만두']",2021-09-23T10:37:33.000Z
90,"['likalikalife', '#리카리카', '#튼튼반달슬링백', '#강아지슬링백', '#두부', '#만두', '#김두부', '#김만두', '#강아지', '#반려견', '#반려동물', '#말티즈', '#비숑프리제', '#말티즈그램', '#비숑프리제그램', '#멍스타그램', '#독스타그램', '#견스타그램', '#개스타그램', '#펫스타그램', '#강아지형제', '#멍형제', '#만두부', '#개형제', '#일산강아지']",2021-09-23T10:29:24.000Z
91,"['#인천송도', '#커넬워크', '#면집호', '#커넬워크여름동', '#커넬워크맛집', '#인천송도맛집', '#jmt', '#송도맘', '#육수미쳤다', '#국물이끝내줘요', '#만두', '#송도', '#좋아요', '#돼지의길', '#맛집', '#맛스타그램']",2021-09-23T10:27:23.000Z
92,"['#광고', '#레이디쫄면', 'localtablecokr', '#먹팔', '#좋반', '#먹스타그램', '#분식', '#인천맛집', '#연수구맛집', '#연수동맛집', '#분식맛집', '#만두', '#쫄면']",2021-09-23T10:25:33.000Z
93,"['#맛집', '#서울맛집', '#성북맛집', '#만두', '#만둣국', '#성북동집']",2021-09-23T10:23:21.000Z
94,"['#맛있닭', '#더담은도시락', 'masitdak', 'pickydiet', 'piginthegarden', '#한끼만두', '#화이트오믈렛', '#피키다이어트', '#더담은도시락', '#오리엔탈드레싱', 'pickydiet', '#식단', '#식단일기', '#식단조절', '#다이어트음식', '#다이어트도시락', '#닭가슴살도시락', '#만두', '#도라지무침', '#건강', '#한식', '#클린푸드', '#healthy', '#healthydiet', '#healthymealprep', '#koreanfood', '#cleanfood']",2021-09-23T10:15:43.000Z
95,"['#부산', '#우리집', '#집순이', '#일상', '#주부', '#주부생활', '#주부스타그램', '#홈쿡', '#집밥', '#한식', '#한식사랑', '#홈쿡스타그램', '#저녁', '#냉털', '#냉파', '#소고기', '#떡', '#만두', '#소고기', '#떡만두국', '#소고기떡만두국', '#집밥스타그램', '#지단', '#요리도전', '#내가요리사', '#요리스타그램', '#미키', '#미키그릇', '#미키사랑']",2021-09-23T10:10:53.000Z
96,"['#코코', '#치즈태비', '#찐빵', '#고등어태비', '#생후개월', '#만두', '#치즈태비', '#생후개월', '#쿠키', '#고등어태비', '#생후개월']",2021-09-23T10:09:47.000Z
97,"['#슬기로운주부생활', '#떡볶이', '#만두', '#김말이튀김', '#핫도그', '#튀김', '#치즈떡볶이', '#모짜렐라핫도그', '#감자핫도그', '#집밥', '#홈쿡', '#가정식', '#홈메이드', '#엄마표', '#음식', '#일상', '#요리', '#푸드', '#플레이팅', '#간식', '#홈스토랑', '#분식', '#맛스타그램', '#명랑핫도그', '#분식파티']",2021-09-23T10:09:07.000Z
98,"['#☁️的宅配食旅', 'laichi_tw', '#相機食先', '#chinesefood', '#taipeifood', '#料理', '#グルメ', '#nomnom', '#만두', '#台湾グルメ', '#宅配', '#냠냠', '#popdaily', '#餃子', '#hkfoodie', '#水餃子', '#台北美食', '#台南美食', '#吃貨', '#料理好きな人と繋がりたい', '#台中美食', '#宅配美食', '#美食', '#おうちごはん', '#美味しい', '#taiwanfood', '#popyummy', '#dumplings', '#foodporn', '#omnomnom', '#delish']",2021-09-21T10:26:19.000Z
99,"['#여수', '#코로나일상', '#일등반점', '#삼선볶음밥', '#만두']",2021-09-23T09:55:03.000Z
100,"['#쭈나라꾸미', '#피자', '#쭈꾸미볶음', '#만두', '#고기만두']",2021-09-23T09:52:59.000Z
101,"['#hello_xoxoran', '#떡볶이', '#혼술', '#필라이맥주', '#맥주안주', '#만두', '#달걀', '#김말이', '#혼맥', '#맥주좋아', '#맥주']",2021-09-23T09:43:16.000Z
102,"['#夕飯', '#おうちごはん', '#いえごはん', '#焼き焼売', '#焼売', '#しゅうまい', '#dinner', '#집밥', '#저녁', '#만두', '#일식', '#먹스타그램', '#맛스타그램']",2021-09-23T09:40:16.000Z
103,"['#먹스타그램', '#맛스타그램', '#만두', '#수원만두']",2021-09-23T09:30:02.000Z
104,"['#신발원', '#당일치기', '#부산', '#부산차이나타운', '#맛집', '#jmtgr', '#맛집공유', '#만두', '#골프초보', '#골린이', '#골프신생아', '#골프중독', '#잔디중독', '#골프사랑', '#골프환자', '#골프좋아하는여자', '#골프치는여자', '#골프연습', '#골친환영', '#\u200d', '#golf⛳', '#golfholic', '#일상사진', '#lifestyle', '#ootd', '#애견인', '#맛집좋아하는여자', '#여행좋아하는여자']",2021-09-23T09:29:26.000Z
105,"['#경주', '#대화만두', '#만두', '#군만두', '#비빔만두', '#카페', '#그림', '#여행', '#바다', '#휴무', '#풍경', '#맛집', '#사진', '#울산맛집', '#울산카페', '#오늘', '#주말', '#점심', '#일상', '#일상기록', '#직장인', '#직장인스타그램', '#일상스타그램', '#데일리', '#카페', '#카페스타그램', '#선팔', '#맞팔', '#소통', '#선팔하면맞팔', '#좋아요']",2021-09-23T09:26:33.000Z
106,"['#먹방', '#먹부림', '#푸디', '#foodie', '#먹스타', '#먹스타그램', '#돼지', '#돼지스타그램', '#꿀꿀', '#밀면', '#물밀면', '#비빔밀면', '#춘하추동밀면', '#만두', '#돼지국밥', '#맛집', '#완도식당', '#일상', '#데일리', '#일기장', '#데일리로그', '#일상소통', '#좋아요', '#좋반']",2021-09-23T09:22:29.000Z
107,"['#군산', '#군산맛집', '#청춘사업', '#청춘사업분식점빵', '#만두', '#분식', '#군산분식', '#떡볶이', '#순대', '#야끼소바', '#신메뉴', '#southkorea', '#korea', '#food', '#foodshop', '#koreanfood', '#삼학동', '#레트로', '#엄마손맛', '#옛날떡볶이', '#군산맛집추천', '#푸드', '#떡볶이맛집', '#김밥맛집', '#분식맛집', '#맛집스타그램', '#먹스타그램', '#찜', '#배달의민족']",2021-09-23T09:17:01.000Z
108,"['#회냉면', '#만두', '#서초면옥']",2021-09-23T09:16:17.000Z
109,"['#mandu', '#dumpling', '#jumbo', '#pork', '#homemadefood', '#homecookedmeal', '#koreanchef', '#sydneychef', '#만두', '#납작만두', '#한식', '#고기만두', '#군만두', '#크리스피', '#시드니일상', '#시드니요리', '#시드니쉐프', '#집밥', '#홈쿡', '#메뉴개발', '#시그니처', '#요리']",2021-09-23T09:06:29.000Z
110,"['#명동교자', '#칼국수', '#완당', '#만두', '#명동', '#myeongdong', '#myeongdongkyoja', '#myeongdongstreet', '#mandoo', '#kalguksu', '#koreanfood', '#koreanrestaurant', '#ミョンドン', '#ミョンドン餃子', '#カルグクス', '#きしめん', '#麺', '#餃子', '#韓国料理', '#韓国食堂']",2021-09-23T09:03:29.000Z
111,"['#한우불고기', '#불고기', '#녹두전', '#빈대떡', '#만두', '#정인면옥', '#여의도정인면옥']",2021-09-23T08:59:10.000Z
112,"['#비건요리만들기', '#만두', '#손만두', '#맛있어', '#야채국수', '#맛나', '#오이국수', '#당근국수', '#비건만두', '#비건만두전골', '#비건전골', '#만두전골', '#콩국수', '#비건국수', '#건강식', '#다이어트식단', '#다이어트', '#이정윤셰프', '#이정윤쉐프', '#유사나이정윤', '#글루텐프리국수', '#콩국수']",2021-09-23T08:52:39.000Z
113,"['#후추라면', '#주묘', '#酒猫', '#소금구이', '#타래구이', '#くしやき', '#쿠시야키', '#꼬치구이', '#일본식꼬치구이', '#야끼교자', '#일본식만두', '#교자', '#만두', '#손만두', '#송파구', '#삼전동', '#석촌고분역', '#이자카야', '#술집', '#혼술', '#길냥이를사랑해주세요', '#야옹', '#집사', '#일터', '#일상', '#ㅋㅋㅋ', '#강남구누른']",2021-09-23T08:49:15.000Z
114,"['#아이고_애미야', '#엄빠차완료', '#주후_놀러한바리한다잉', '#그래도_마스크잘끼야제', '#일간_무사히넘어가즈아']",2021-09-23T08:46:13.000Z
115,"['#cj분식만두', '#의식의흐름대로', '#나누구한테말하니', '#엄마미역국', '#엄마김치', '#분식만두', '#순살고등어', '#마켓컬리', '#수면교육', '#공갈젖꼭지']",2021-09-23T08:43:54.000Z
116,"['#포메라니안', '#돼지', '#만두']",2021-09-23T08:42:19.000Z
117,"['#이유준', '#만두', '#맑음']",2021-09-23T08:39:20.000Z
118,"['#먹스타그램', '#맛스타그램', '#먹방', '#맛집', '#먹부림', '#먹스타', '#푸드스타그램', '#집밥', '#좋아요', '#선팔', '#팔로우', '#협찬문의', '#만두만들기', '#인스타그램', '#술안주', '#온더테이블', '#저녁', '#홈쿡', '#진주', '#일상스타그램', '#맞팔', '#집밥스타그램', '#fff', '#lfl', '#푸드', '#フォローミー', '#푸드아트', '#협찬', '#instafood', '#만두']",2021-09-23T08:38:28.000Z
119,"['#아직도여름', '#가을맞아', '#냉면', '#만두', '#냉면맛집', '#만두맛집', '#맛팔', '#먹팔', '#맛집', '#먹스타그램']",2021-09-23T08:24:23.000Z
120,"['#진주만두', '#신포시장', '#신포시장맛집', '#만두', '#만두맛집', '#인천맛집', '#신포맛집', '#분식', '#분식맛집', '#고기만두', '#김치만두', '#포장맛집', '#만두포장', '#맛집추천', '#맛집후기', '#현실후기', '#현금만가능', '#시장투어', '#인천투어', '#점심', '#점심메뉴', '#맛잘알', '#쩝쩝박사', '#돼지파티', '#먹스타', '#먹스타그램']",2021-09-23T08:05:28.000Z
121,"['#럽스타그램', '#여행스타그램', '#여름휴가', '#경주', '#대화만두', '#둘째날점심', '#떡볶이', '#만두', '#새우만두추천']",2021-09-23T07:46:48.000Z
122,"['#명절', '#추석', '#반려견', '#미용', '#오늘예쁘개', '#말티즈', '#푸들', '#만미두호', '#반려견유모차', '#산책', '#만두', '#미호', '#일상', '#데일리', '#신혼부부']",2021-09-23T07:45:43.000Z
123,"['#대전여행', '#대전', '#대동', '#배달', '#먹방', '#유튜브', '#동구U', '#먹방채널', '#소상공인', '#만두먹방', '#먹방유튜브', '#배달의동구', '#대전역', '#영상', '#추천', '#음식', '#메뉴', '#만두맛집', '#고기만두', '#김치만두', '#만두', '#만두맛집', '#만두집', '#추천']",2021-09-23T07:38:49.000Z
124,"['#화정소바', '#감자만두', '#내돈내먹', '#의령소바', '#만두', '#만두맛집', '#의령', '#의령맛집']",2021-09-23T07:37:42.000Z
125,"['#대연밀면', '#물밀면', '#비빔밀면', '#만두']",2021-09-23T07:20:24.000Z
126,"['#명동교자', '#만두', '#칼국수']",2021-09-23T07:11:53.000Z
127,"['#맛집', '#맛스타그램', '#맛집추천', '#음식', '#음식스타그램', '#푸드스타그램', '#먹스타그램', '#먹방', '#먹스타', '#맛스타', '#mukbang', '#food', '#foodstagram', '#foodphotography', '#iphone', '#iphone', '#아이폰', '#아이폰미니', '#명동칼국수', '#비빔칼국수', '#만두']",2021-09-23T07:11:16.000Z
128,"['#교자', '#날개교자', '#만두', '#바삭함의끝판왕', '#마시쪄', '#만두는비비고']",2021-09-23T07:07:39.000Z
129,"['#달려라코코', '#조로', '#대박', '#헤븐', '#만두']",2021-09-23T07:06:37.000Z
130,"['#신전떡볶이', '#구미', '#남통', '#신전김밥', '#떡볶이', '#만두', '#김말이', '#오뎅', '#쥬시쿨', '#구미맛집', '#먹팔', '#먹팔환영', '#먹팔해요', '#먹팔소통', '#먹팔맛팔', '#먹팔맞팔', '#음식계정', '#먹스타', '#먹스타계정', '#먹스타그램', '#구미먹스타', '#존맛탱', '#튀김만두', '#신전튀김', '#튀김', '#튀김오뎅', '#쿨피스', '#구미떡볶이', '#구미신전', '#구미먹팔']",2021-09-23T07:04:05.000Z
131,"['#명일역맛집', '#강동구맛집', '#명일동맛집', '#큰손칼국수', '#칼제비', '#칼국수', '#잔치국수', '#만두', '#수제비', '#라면', '#짬뽕', '#고추짬뽕', '#우동', '#막국수', '#면스타그램', '#칼국수맛집', '#멸치국수', '#파스타', '#라멘', '#혼술', '#맛집추천', '#맛집스타그램', '#먹스타그램', '#맛집탐방', '#매운음식', '#먹팔', '#먹스타맞팔', '#먹방', '#먹방맞팔', '#맛집']",2021-09-23T06:50:49.000Z
132,"['#떡군이네떡볶이', '#추석', '#차돌박이떡볶이', '#로제떡볶이']",2021-09-23T06:36:12.000Z
133,"['#추석', '#행복한', '#즐추', '#비가내리고', '#만두', '#다시일상으로', '#쉐보레', '#볼트ev', '#년형', '#아버지차', '#볼탱이', '#리콜대상아님']",2021-09-22T11:54:32.000Z
134,"['#부산', '#원산면옥', '#평양냉면', '#맛집', '#만두', '#부추만두']",2021-09-23T06:33:11.000Z
135,"['#관악관', '#평양냉면', '#만두']",2021-09-23T06:19:25.000Z
136,"['#만두', '#강아지', '#강아지일상', '#강아지그램', '#강아지스타그램', '#강아지', '#강쥐', '#강쥐스타그램', '#멍스타그램', '#멍멍이', '#멍멍이그램', '#멍스타그램', '#멍뭉이']",2021-09-23T06:17:22.000Z
137,"['#만두', '#만두빚기', '#손만두', '#김치만두', '#고기만두', '#막걸리', '#안주', '#먹방', '#먹스타']",2021-09-23T06:15:06.000Z
138,"['#만두', '#맛있더라', '#뇸']",2021-09-23T06:14:46.000Z
139,"['#만두전골', '#만두', '#장인의집', '#만두맛집', '#만두전골맛집', '#제주현지인맛집', '#제주도가볼만한곳', '#제주도먹방', '#희희제주']",2021-09-23T06:13:06.000Z
140,"['#새우만두', '#김치만두', '#고기만두', '#좋은재료', '#홈메이드']",2021-09-23T05:58:09.000Z
141,"['#먹스타그램', '#먹스타', '#음식', '#국수', '#비빔국수', '#만두', '#찐만두', '#맛있음', '#만두맛있다', '#일상', '#일상그램', '#맞팔', '#먹스타맞팔']",2021-09-23T05:37:59.000Z
142,"['#햄스터', '#푸딩햄스터', '#드워프햄스터', '#hamster', '#찐빵', '#만두']",2021-09-23T05:36:53.000Z
143,"['#휴무날', '#분노의먹방', '#두번째', '#식도락여행', '#대구여행', '#대구', '#동성로', '#만두', '#태산만두', '#비빔만두', '#군만두', '#음식사진', '#먹스타그램', '#일상', '#daily', '#데일리']",2021-09-23T05:36:45.000Z
144,"['#판모밀', '#소바', '#쫄면', '#만두', '#찐빵', '#고려당', '#백반기행', '#익산소바']",2021-09-23T05:34:06.000Z
145,"['#고양이', '#만두', '#초롱초롱', '#왕방울', '#눈', '#숨숨집', '#고양이일상', '#neko', '#cat', '#cute', '#catlife']",2021-09-23T05:31:35.000Z
146,"['#명동교자', '#칼국수', '#비빔국수', '#만두', '#점심', '#맛있다', '#맛있어', '#맛집', '#명동맛집']",2021-09-23T05:23:59.000Z
147,"['#고양이', '#솜방망이', '#앙증', '#ㄱㅇㅇ', '#만두', '#냥냥', '#집사스타그램', '#고양이일상', '#cat', '#fff', '#cute', '#catstagram', '#daily', '#happylife']",2021-09-23T05:20:43.000Z
148,"['#제주', '#도민', '#추석', '#보름달', '#만두', '#신화월드', '#추석보내기']",2021-09-23T05:14:54.000Z
149,"['#만두', '#최애', '#일상', '#튀김만두', '#힐링']",2021-09-23T05:13:08.000Z
150,"['#출근전에', '#루돌프', '#녹용', '#기절', '#댕댕이', '#만두', '#콩이', '#댕친구환영', '#댕팔맞팔']",2021-09-23T05:07:01.000Z
151,"['#서울', '#종로', '#혜화', '#대학로주변', '#혜화맛집', '#혜화만두집', '#사람많은곳', '#추석', '#추석연휴식사', '#점심식사', '#마지막날', '#용돈', '#감동', '#산책후에', '#할머니', '#선물', '#가족과함께', '#만두', '#수제만두', '#손만두', '#반반만두', '#전골', '#만두전골', '#막국수', '#회막국수', '#사랑합니다', '#감사합니다', '#건강하세요']",2021-09-23T04:47:53.000Z
152,"['#가을날씨라고', '#밤이', '#은평먹거리', '#니하오', '#육즙미와', '#손만두', '#가성비맛집', '#가심비맛집', '#적셔']",2021-09-23T03:00:37.000Z
153,"['#김포맛집', '#맛집', '#만두전골', '#만두국', '#칼국수', '#만두', '#출근', '#연휴', '#끝']",2021-09-23T04:43:40.000Z
154,"['#일상', '#음식', '#음식사진', '#만두', '#김치만두', '#맛스타그램', '#맛있어']",2021-09-23T04:43:31.000Z
155,"['#멍스타그램', '#반려견', '#만두', '#심술쟁이', '#율이들이랑그만싸워']",2021-09-23T04:36:09.000Z
156,"['groomer_lee_', '#세종시애견미용', '#세종시강아지', '#비숑', '#만두', '#빅숑예정', '#소환해주세요']",2021-09-23T04:28:41.000Z
157,"['#장인의집', '#만두', '#제주도', '#유명한', '#강아지', '#날씨', '#맑음']",2021-09-23T04:24:51.000Z
158,"['#ポムポムプリン', '#ポムバサダー', '#ポムバサダーさんと繋がりたい', '#ポムポムプリンのいる生活', '#ポム活', '#ぬい撮り', '#蓬莱', '#サンリオ', '#サンリオ好きな人と繋がりたい', '#폼폼푸린', '#산리오', '#귀여움', '#음식', '#만두', '#댓글', '#소통', '#맞팔', '#친구해요', '#sanrio', '#pompompurin', '#cute', '#love', '#pics']",2021-09-23T04:24:47.000Z
159,"['#일상', '#목요일', '#만두', '#만두전골', '#맞팔선팔']",2021-09-23T04:21:27.000Z
160,"['#짬홍', '#보름달', '#홈캉스', '#오딘', '#새우튀김', '#파스타', '#스테이크', '#오징어튀김', '#만두', '#프라페', '#샌드위치']",2021-09-23T04:21:27.000Z
161,"['#만두', '#왜이러는걸까요', '#집견', '#이상한만둥', '#귀엽네', '#시고르자브종', '#맞팔']",2021-09-23T04:21:02.000Z
162,"['#만두', '#일아기', '#산책', '#그늘찾아', '#친구찾아', '#뛰뛰', '#꼬똥']",2021-09-23T04:11:43.000Z
163,"['#예은이네', '#오예', '#표정부자', '#표정스타그램', '#포즈장인', '#얼스타그램', '#셀스타그램', '#황금돼지띠', '#황금돼지띠딸', '#딸스타그램', '#아기모델', '#육아스타그램', '#흥부자', '#흥스타그램', '#개월아기', '#만두', '#만두스타그램']",2021-09-23T04:09:33.000Z
164,"['#새우튀김우동', '#우동', '#만두', '#만두맛집', '#아침', '#청실홍실', '#아침외식', '#사람도없음']",2021-09-23T04:05:48.000Z
165,"['#점심스타그램', '#들깨수제비', '#수제비', '#만두', '#동탄맛집', '#맛집', '#먹스타그램', '#맛스타그램', '#먹스타', '#맛스타', '#먹방', '#먹부림', '#먹그램', '#맛그램', '#foodie']",2021-09-23T04:05:11.000Z
166,"['#제품제공', '#꿀순이_제품제공', '#꿀순이', '#리뷰', '#맛집', '#밥집', '#집밥', '#국물', '#국물맛집', '#돼지국밥', '#순대국밥', '#한식', '#한식맛집', '#밀키트', '#만두', '#수육', '#정짓간돼지국밥', '#정짓간', '#만디국밥', '#전국별미', '#정짓간돼지국밥', '#부산국밥', '#부산돼지국밥', '#부산맛집', '#먹스타그램', '#맛스타그램', '#맞팔', '#먹팔', '#좋반', '#선팔하면맞팔', '#followforfollowback']",2021-09-23T04:04:00.000Z
167,"['#고양시맛집', '#마두역맛집', '#대동관', '#평양냉면', '#이북음식', '#갈비탕', '#만두', '#비빔냉면', '#소니카메라', '#니콘카메라', '#캐논카메라', '#탐론g', '#d', '#d', '#풍경스타그램', '#야생화', '#맞팔해요', '#선팔', '#소통', '#인물', '#인물스타그램', '#결혼사진', '#야경명소', '#야경', '#아들스타그램', '#야경스타그램', '#딸스타그램', '#돌스냅', '#일상', '#선팔']",2021-09-23T04:03:44.000Z
168,"['#친정', '#수원', '#밀면', '#돼지국밥', '#맛집', '#만두', '#점심스타그램', '#행궁동', '#쇼핑', '#맛스타', '#맛점', '#친정엄마', '#동생들', '#삼남매', '#아들맘', '#딸맘']",2021-09-23T04:01:01.000Z
169,"['#비빔면', '#다이어트식단', '#뭔가아쉬움', '#아맞다', '#만두', '#빼먹었네', '#성장커넥트']",2021-09-23T03:58:47.000Z
170,"['#고양이', '#만두', '#연휴후유증', '#아련', '#숨숨집', '#아늑', '#줄리엣', '#청초', '#고양이일상', '#집사스타그램', '#cat', '#fff', '#catlife', '#neko', '#cute']",2021-09-23T03:47:56.000Z
171,"['#짜장면', '#짬뽕', '#만두']",2021-09-23T03:47:10.000Z
172,"['#덕분에', '#이태원', '#명물', '#쟈니덤플링', '#만두', '#냠냠', '#예전사진']",2021-09-23T03:44:49.000Z
173,"['#서울명동', '#명동교자', '#만두', '#칼국수', '#비빔국수']",2021-09-23T03:44:44.000Z
174,"['cafelotos', 'pizzahunt_uss', '#한식', '#비빔밥', '#국수', '#만두', '#피자', '#된장국', '#обедуссурийск', '#бизнесланчуссурийск', '#кафеуссурийск', '#корейскаякухня', '#корейскаякухняуссурийск', '#пицца', '#пиццадоставкой', '#текто', '#доставка', '#вкусно', '#калинина']",2021-09-23T03:43:59.000Z
175,"['#점심', '#만두', '#밥', '#깍두기']",2021-09-23T03:39:07.000Z
176,"['#대구', '#호찐빵만두나라', '#찐빵', '#만두', '#good', '#daily', '#대구소통']",2021-09-23T03:37:59.000Z
177,"['pizzahunt_uss', 'cafelotos', '#한식', '#비빔밥', '#국수', '#만두', '#피자', '#된장국', '#обедуссурийск', '#бизнесланчуссурийск', '#кафеуссурийск', '#корейскаякухня', '#корейскаякухняуссурийск', '#пицца', '#пиццадоставкой', '#текто', '#доставка', '#вкусно', '#калинина']",2021-09-23T03:36:44.000Z
178,"['#맘스터치', '#팝콘만두', '#만두', '#치즈볼', '#먹팔', '#좋아요반사']",2021-09-23T03:36:20.000Z
179,"['#스위스', '#발리', '#live', '#친구랑', '#길거리', '#교토', '#아이폰', '#팔로우', '#la', '#운동', '#미술', '#스타벅스', '#커피', '#korea', '#시드니', '#토론토', '#고', '#해변', '#중국', '#베트남', '#홍콩', '#대만', '#만두', '#필리핀', '#구름', '#하늘', '#모델', '#호텔', '#잠실']",2021-09-23T03:32:44.000Z
180,"['#평양냉면', '#냉면', '#맛집', '#서울맛집', '#광화문맛집', '#냉면맛집', '#능라도', '#능라도광화문점', '#만두', '#만두맛집', '#점심메뉴', '#점심', '#소통']",2021-09-23T03:29:59.000Z
181,"['#만두', '#잡채', '#만두', '#추석', '#추억기록', '#소중한', '#울엄마표만두', '#감사', '#추석']",2021-09-23T03:28:21.000Z
182,"['#instagram', '#daily', '#lovestagram', '#먹스타그램', '#만두', '#손만두', '#만두대결', '#샤오롱바오', '#집밥', '#추석', '#명절음식', '#꿀스타그램', '#고기만두', '#존맛탱', '#요리', '#음식스타그램', '#연휴', '#휴무', '#집순이', '#인친', '#답방', '#먹팔', '#선팔', '#럽스타그램', '#행복스타그램', '#취미', '#등린이', '#요리하는남자', '#가족']",2021-09-23T03:25:39.000Z
183,"['#설밀당', '#찐빵', '#술빵', '#만두', '#커피', '#삼일파라뷰', '#식혜', '#전국창업문의', '#밀가루공방', '#창업']",2021-09-23T03:20:25.000Z
184,"['#일상', '#데일리', '#선팔', '#맞팔', '#인친', '#소통', '#좋아요', '#환영', '#닭가슴살', '#단백질', '#만두', '#굽네만두', '#귀하닭', '#잠백이', '#닭', '#lunch', '#점심', '#food', '#foodie', '#chickenbreast', '#dumpling', '#mandu', '#protein', '#ff', '#ll', '#fff', '#koreanfood']",2021-09-23T03:18:55.000Z
185,"['#멍스타그램', '#멍스타그램', '#멍스타그램', '#멍스타그램', '#까미만두', '#까미', '#요크셔테리어', '#요크셔테리어그램', '#요크셔그램', '#만두', '#시츄', '#시츄스타그램', '#시츄사랑', '#멍멍스타', '#멍그램', '#멍멍이', '#멍스타', '#멍', '#멍멍', '#개스타그램', '#멍멍이그램', '#멍뭉이', '#멍팔', '#멍팔환영', '#멍팔해요', '#멍팔로우', '#멍팔하자', '#멍팔환영', '#멍팔맞팔환영']",2021-09-23T03:07:09.000Z
186,"['#추석연휴', '#보쌈', '#브런치', '#코로나꺼져', '#수육', '#감자전', '#힐링', '#손큰여자', '#갱민씨', '#만두', '#금수강산막국수', '#막국수', '#막걸리땡기지만', '#fuckcorona', '#fuckcovid']",2021-09-23T03:06:34.000Z
187,"['#명동교자', '#칼국수', '#진한국물', '#만두', '#오랜만에시내외출', '#지인과함께', '#추석전나들이', '#옛추억이']",2021-09-23T03:03:46.000Z
188,"['#물냉면', '#육쌈냉면', '#숯불고기', '#만두', '#날씨', '#점심', '#한국', '#한국유학', '#韓国', '#韓国料理', '#韓国留学']",2021-09-23T02:56:56.000Z
189,"['#이벤트당첨', '#제품제공', '#진리푸드', '#매운불김치만두', '#캠핑간식', 'jinri_food_official']",2021-09-23T02:55:51.000Z
190,"['#만두', '#mandu', '#만두스타그램']",2021-09-23T02:55:16.000Z
191,"['#굴림만두탕수육', '#만두탕수육', '#엉파', '#오늘의식', '#엉파레시피', '#건강한한끼', '#만두', '#굴림만두', '#탕수육']",2021-09-23T02:54:11.000Z
192,"['#江ノ島', '#江ノ島グルメ', '#江ノ島カフェ', '#江ノ島デート', '#江ノ島観光', '#手作り餃子', '#餃子', '#gyoza', '#만두', '#江ノ島ぎょうざ', '#餃子専門店', '#唐揚げ', '#唐揚げ大好き', '#唐揚げ好きな人と繋がりたい', '#テイクアウト', '#テイクアウト弁当', '#出前館']",2021-09-23T02:53:43.000Z
193,"['#만두', '#Mandu', '#만두스타그램']",2021-09-23T02:47:09.000Z
194,"['#잘먹겠습니다', '#보쌈', '#족발', '#만두', '#deliveryfood', '#배달음식', '#원할머니보쌈', '#gettogether', '#맛있게', '#냠냠', '#koreanfood', '#koreanfoodlover', '#koreanfoodie', '#koreanfoodporn', '#밥스타그램', '#koreanstyle', '#kfood', '#맛스타그램', '#foodphotography', '#foodie', '#foodstagram', '#foodblogger', '#foodpic', '#foodpictures', '#yummy', '#kfood']",2021-09-23T02:46:37.000Z
195,"['#만두', '#Mandu', '#강아지스타그램']",2021-09-23T02:44:34.000Z
196,"['#mandu', '#koreanfood', '#food', '#foodphotography', '#daily', '#homecooking', '#cooking', '#soup', '#jmt', '#먹스타그램', '#만두', '#집밥']",2021-09-23T02:42:43.000Z
197,"['#서울맛집', '#문래동맛집', '#영일분식', '#칼비빔국수', '#칼국수', '#만두']",2021-09-23T02:41:35.000Z
198,"['#개냄새없애기', '#블랑코', '#내돈내산', '#찐후기', '#댕댕이', '#만두', '#비숑', '#빅숑', '#아이들과강아지', '#일상', '#기록', '#평범한집', '#소중한하루하루', '#후하남매']",2021-09-23T02:28:38.000Z
199,"['#망향비빔국수', '#잔치국수', '#만두', '#찐만두', '#면추가', '#비빔국수맛집', '#매운국수', '#국수맛집', '#호로록호로록', '#麺料理', '#ビビン麺', '#辛いビビン麺', '#餃子', '#餃子大好き']",2021-09-23T02:25:50.000Z
200,"['#할머니표', '#텃밭채소', '#미친청양고추', '#만두', '#동그랑땡', '#녹두전', '#메밀전', '#냉장고하나더필요']",2021-09-23T02:24:21.000Z
201,"['#밀면', '#부산', '#광안리', '#광안리맛집', '#밀면맛집', '#fff', '#존맛', '#만두', '#해운대', '#부산맛집', '#팔로우', '#일상']",2021-09-23T02:23:46.000Z
202,"['#떡만두국', 'jungsoon', '#윤뽕집밥', '#공구중', '#공구', '#만두', '#물만두', '#김치만두', '#나니아사골육수', '#사골육수', '#육수', '#집밥']",2021-09-23T02:22:08.000Z
203,"['#퍼그', '#pug', '#만두', '#찐빵', '#내딸']",2021-09-23T02:19:44.000Z
204,"['#아침부터배터짐', '#충무김밥', '#만두', '#하이오', '#마카롱']",2021-09-23T02:13:36.000Z
205,"['#윤숙자', '#윤숙자의손맛', '#고조리서', '#한국전통음식연구소', '#떡박물관', '#윤숙자교수', '#조이낭자', '#고조리서음식', '#고조리서요리', '#전통음식', '#한식', '#손맛', '#식료찬요', '#수운잡방', '#도문대작', '#요록', '#증보산림경제', '#규합총서', '#동국세시기', '#조선요리제법', '#구수훈', '#이순록', '#전복', '#전복김치', '#김치', '#가을김치', '#전복만두', '#만두']",2021-09-23T02:13:04.000Z
206,"['#johnsonmarket', '#koreanfood', '#kfood', '#makanankorea', '#mandu', '#kfoodlovers', '#한국음식', '#한식', '#만두', '#korean', '#koreancake', '#koreanstyle', '#supermarketonline', '#supermarketkorea', '#supermarketkoreajakarta', '#kulinerjakarta', '#kulinerjakartabarat', '#kulinerkorea', '#kulinerkoreanfood']",2021-09-23T02:00:21.000Z
207,"['#떡볶이', '#만두', '#튀김', '#쫄면', '#김밥', '#라면', '#순대', '#다배울수있는', '#분식', '#창업', '#맛있는', '#레시피', '#비법전수', '#전문셰프', '#전문강의', '#한솔요리학원종로점', '#종로창업전문학원', '#창업학원', '#전문창업']",2021-09-23T01:47:12.000Z
208,"['#부산', '#남포동', '#연극', '#체인징파트너', '#조은극장', '#thetimenow', '#만두', '#랑데자뷰']",2021-09-23T01:38:24.000Z
209,"['#요리스타그램', '#음식스타그램', '#요리', '#소통', '#소통환영', '#댓글', '#댓글환영', '#먹방', '#팔로우', '#맞팔', '#선팔하면맞팔', '#좋아요그램', '#좋튀', '#좋아요반사', '#좋아요테러', '#좋아요그램', '#협찬좋아요', '#먹스타그램', '#먹팔', '#안동', '#김치만두', '#손만두', '#만두맛집', '#엄마만두', '#협찬', '#펀안동', '#맞팔로우', '#부산', '#먹팔', '#맞팔', '#만두']",2021-09-23T01:31:37.000Z
210,"['#만두', '#가을', '#중국식만두', '#샤오롱바오', '#소룡포', '#소고산제일루', '#중국요리', '#중국음식', '#중국요리맛집', '#중국음식맛집', '#먹사녀피카츄', '#음식', '#먹스타그램', '#일상', '#food', '#맛스타그램', '#맛집', '#먹방', '#소통', '#데일리', '#daily', '#맞팔', '#좋아요', '#음식스타그램', '#푸드스타그램', '#여행', '#foodtrip', '#선팔', '#foodie']",2021-09-23T01:19:47.000Z
211,"['#설밀당', '#밀가루공방', '#삼일파라뷰', '#남악하나내과', '#술빵', '#찐빵', '#만두', '#식혜', '#맛있는커피', '#맛있는에이드', '#맛있는스무디', '#전국창업문의', '#창업', '#에픽디자인인테리어', '#로고네이밍']",2021-09-23T01:17:34.000Z
212,"['#댕모닝', '#옴뇸뇸', '#굿모닝', '#좋은아침', '#침', '#만두', '#푸들', '#평일', '#목요일', '#일상', '#데일리', '#졸려', '#로딩중', '#누나', '#댕팔', '#좋아요', '#팔로우', '#환영', '#dog', '#pet', '#cutedog', '#puppy', '#poodle', '#mandoo', '#daily', '#good', '#noona', '#goodmorning']",2021-09-23T01:12:28.000Z
213,"['#먹스타그램', '#집밥', '#집밥스타그램', '#홈쿡', '#홈쿡스타그램', '#요리', '#요리스타그램', '#쿡스타그램', '#만두', '#만두스타그램', '#음식', '#음식스타그램', '#모락모락', '#갈비만두', '#빠져든당❤️', '#연휴끝']",2021-09-23T01:10:10.000Z
214,"['#명동교자', '#만두', '#떡국', '#비빔국수', '#비오는수요일', '#원기회복', '#차안에서', '#마시는', '#커피와', '#디저트', '#아마데우스케잌짱', '#비오는날은', '#씩씩하게', '#오늘도', '#화이팅']",2021-09-23T01:09:15.000Z
215,"['#바름', '#바름만두', '#바름김밥', '#수제만두', '#만두만드는남자']",2021-09-23T00:53:42.000Z
216,"['#여기서', '#그만두자', '#편하게', '#만두', '#두둥', '#만두먹장', '#빠른전개', '#만두는', '#못참지', '#제갈량', '#릅신', '#보고있나', '#이게', '#K만두다']",2021-09-23T00:27:40.000Z
217,"['#mandu', '#mandudish', '#panfiedmandu', '#friedmandu', '#noodle', '#spicynoodle', '#spicysournoodle', '#만두', '#군만두', '#비빔국수', '#비빔국수와군만두', '#foodie', '#homecooking', '#madefromscratch', '#dinner', '#lunch', '#cooking', '#koreancusine']",2021-09-23T00:26:16.000Z
218,"['#tbt', '#throwback', '#post', '#my', '#life', '#photography', '#photooftheday', '#photoshoot', '#photograph', '#igers', '#insta', '#bestofthebest', '#인스타그램', '#instafood', '#food', '#foodie', '#foodporn', '#foodphotography', '#foodblogger', '#foodpic', '#foodlover', '#cantho', '#껀터', '#vietnam', '#베트남', '#음식', '#food', '#dumpling', '#homemade', '#madebymom', '#만두']",2021-09-23T00:19:22.000Z
219,"['#먹스타그램', '#맛스타그램', '#먹방', '#맛집', '#리뷰', '#협찬', '#후기', '#익산', '#익산맛집', '#북부시장', '#북부시장맛집', '#수제비', '#만두', '#옛날손수제비', '#좋반', '#좋아요', '#좋아요반사', '#먹팔', '#먹스타맞팔', '#맞팔', '#선팔하면맞팔', '#fff']",2021-09-23T00:15:19.000Z
220,"['#illust', '#illustration', '#cartoon', '#painting', '#conceptart', '#characterillustration', '#characterdesign', '#イラストレーション', '#キャラクタ', '#イラスト', '#漫画', '#일러스트', '#캐릭터', '#만화', '#일러스트레이션', '#sword', '#ギャル', '#dumpling', '#만두', '#ギョウザ', '#餃子', '#girl', '#소녀', '#少女', '#アニメ', '#anime', '#애니메이션', '#s']",2021-09-23T00:09:58.000Z
221,"['#월정리밥집', '#월정리맛집', '#월정리떡갈비', '#묵비빔밥', '#뿔소라철판볶음밥', '#콩나물국밥', '#야채비빔밥', '#월정리함박스테이크', '#월정리해변', '#자연드림', '#월정리해변맛집', '#제주도맛집', '#월정리맛집추천', '#제주월정리', '#济州岛', '#月汀里', '#수제떡갈비', '#떡갈비정식', '#참마', '#제주흑돼지', '#집밥', '#집된장', '#안전한먹거리', '#자연드림', '#만두', '#제주도민맛집', '#유기농', '#건강한식사', '#채식', '#비건', '#st']",2021-09-23T00:07:22.000Z
222,"['#해외맘', '#해외육아', '#간식', '#만두', '#고향만두']",2021-09-22T23:59:50.000Z
223,"['#꼬똥드툴레아', '#한국꼬똥켄넬', '#만두', '#더벅머리', '#쒼나쒼나']",2021-09-22T23:50:34.000Z
224,"['#미도향', '#얼큰만두국', '#일산', '#일산맛집', '#만두맛집', '#만두', '#만두국', '#만두국맛집', '#대화맛집', '#대화역맛집', '#고양맛집', '#고양시맛집']",2021-09-22T23:48:22.000Z
225,"['#mandoo', '#dumplings', '#kimchi', '#kimchifood', '#koreanfood', '#catering', '#cookingclass', '#만두']",2021-09-22T23:37:39.000Z
226,"['#수육', '#국내산', '#대구', '#침산동', '#성주', '#물가애캠핑장', '#오토캠핑장', '#캠핑', '#캠린이', '#소고기', '#새우', '#라면', '#계란', '#삼촌', '#삼촌칼국수', '#칼국수', '#칼국수밀키트', '#후기', '#배달', '#포장', '#밀키트', '#대구맛집', '#칼국수맛집', '#법원맛집', '#수성구맛집', '#직화양념불고기', '#만두', '#어디서든', '#편하게']",2021-09-22T23:33:48.000Z
227,"['#boanoite', '#quartafeira', '#jantar', '#jantinha', '#gyoza', '#餃子', '#dumplings', '#만두']",2021-09-22T23:33:12.000Z
228,"['#먹스타그램', '#먹스타', '#먹방', '#먹방스타그램', '#먹스타그램', '#먹방그램', '#음식', '#음식스타그램', '#먹팔', '#영일분식', '#영일분식칼국수', '#칼국수', '#칼국수맛집', '#바지락칼국수', '#만두', '#왕만두', '#메밀만두', '#비빔국수', '#문래동맛집', '#문래', '#영등포맛집', '#맛집', '#맛집추천']",2021-09-22T23:18:11.000Z
229,"['#망향비빔국수', '#망향비빔국수본점', '#재방문', '#비빔국수', '#만두', '#맛남', '#대기', '#ㅋㅋㅋ', '#한탄강', '#방문', '#맛집', '#맛집추천', '#한탄강맛집']",2021-09-22T22:46:48.000Z
230,"['#만두', '#웰시', '#코기', '#웰시코기', '#진상', '#징그러', '#그립다', '#귀요미']",2021-09-22T22:12:07.000Z
231,"['#진상', '#만두', '#찐빵아님', '#웰시', '#웰시코기', '#코기', '#천천히크렴', '#개월', '#귀요미', '#숫컷', '#시간빠르다', '#그립다']",2021-09-22T22:03:07.000Z
232,"['#콩나물', '#만두', '#대파', '#라면', '#콩나물라면', '#만두라면', '#먹스타그램', '#밥스타그램', '#안주스타그램', '#술스타그램']",2021-09-22T21:43:24.000Z
233,"['#장모님', '#요리', '#관심', '#김치만두', '#집만두', '#음식', '#친정엄마', '#찜', '#간절함', '#사랑', '#이별', '#만두', '#음식', '#그리움', '#나눔', '#닮음', '#딸', '#엄마의엄마', '#매일쓰기', '#글쓰기', '#쓰기', '#공감', '#에세이', '#공감에세이', '#글스타', '#글그램', '#감성그램', '#공감그램', '#에세이그램', '#에세이스타그램']",2021-09-22T21:29:20.000Z
234,"['#만두만들기', '#만두', '#부추잔뜩', '#부추만두', '#만두쪄서', '#냉동실고고', '#일용할양식', '#보기만해도뿌듯', '#우리집만두', '#스페인한식', '#mandu', '#lacomidacoreana']",2021-09-22T21:10:54.000Z
235,"['#CornDog', '#Mandu', '#만두', '#Aejung']",2021-09-22T21:01:40.000Z
236,"['#만두', '#bordercollie', '#winnie', '#mandu', '#dogdaycare', '#socute', '#이따봐', '#내개끵❤️']",2021-09-22T20:39:49.000Z
237,"['#진미평양냉면', '#연휴감성', '#굿모닝', '#어복쟁반', '#낮술', '#연휴', '#만두', '#평양냉면', '#논현동맛집', '#어복쟁반맛집']",2021-09-22T19:06:16.000Z
238,"['#ferutostudio', '#feruto', '#etsycanada', '#etsyvancouver', '#districtlocal', '#feltfood', '#feltkoreanfood', '#feltmandu', '#feltdumplings', '#playfood', '#pretendplay', '#handmadedecor', '#shoplocalbc', '#madeinvancouver', '#만두']",2021-09-22T19:02:25.000Z
239,"['#HappyChuseok', '#Chuseok', '#Identity', '#Immigrant', '#VeganChuseok', '#Japchae', '#VeganJapchae', '#Tradition', '#KoreanAmerican', '#KoreanPancakes', '#KoreanAmericanIdentity', '#Buchimi', '#VeganBuchimi', '#VeganSushi', '#VeganSeoulFood', '#비건추석', '#추석', '#비건라볶이', '#라볶이', '#부침이', '#비건부침이', '#비건부침개', '#부침개', '#비건수시', '#비건한식', '#잡채', '#비건잡채', '#만두', '#김밥', '#비건김밥']",2021-09-22T18:37:48.000Z
240,"['#고양이', '#마카롱', '#선팔하면맞팔', '#선팔', '#맞팔', '#만두', '#맞팔해요', '#맞팔환영', '#서면', '#셀카', '#셀스타그램', '#세젤귀', '#년생', '#년생', '#년생', '#년생', '#년생', '#년생', '#likeforlikes', '#likelikes', '#likesforlike', '#followｍe', '#followforfollowback', '#followfollowback', '#aesthetic', '#swag']",2021-09-22T18:24:55.000Z
241,"['#초대', '#점심', '#닭갈비', '#무화과샐러드', '#계란말이', '#만두', '#양파장아찌', '#추석', '#잡채', '#전', '#전은이제그만', '#취리히일상', '#스위스', '#요리초보']",2021-09-22T17:31:01.000Z
242,"['#rainyday', '#portland', '#homemade', '#homecooked', '#vegetarian', '#plantbaseddiet', '#plantbased', '#noms', '#foodstagram', '#instaeats', '#udon', '#noodlesoup', '#dumplings', '#noodz', '#먹방스타그램', '#누들', '#우동', '#맛스타', '#요리하는여자', '#홈쿡스타그램', '#요리스타그램', '#만두', '#집요리', '#집밥스타그램', '#얌얌', '#배고팡', '#일상', '#데일리']",2021-09-22T17:09:56.000Z
243,"['#협찬', '#만두', '#맥주', '#경희네만두', '#만맥', '#만두맥주', '#청주만두', '#청주만두맛집', '#청주동남지구맛집', '#동남지구맛집', '#청주용암동맛집', '#만두택배', '#오늘의홈술', '#김치만두맛집', '#고추만두맛집', '#만두택배', '#홈술메뉴추천', '#먹팔', '#먹팔해요', '#먹팔환영', '#먹팔맞팔', '#먹팔소통', '#food', '#foodie', '#foodporn', '#foodstagram', '#먹스타그램', '#먹스타맞팔', '#먹부림', '#먹스타소통']",2021-09-22T16:07:25.000Z
244,"['#대가면옥', '#부산맛집', '#장림맛집', '#비빔냉면', '#냉면맛집', '#만두', '#맛스타그램', '#먹스타그램']",2021-09-22T16:02:25.000Z
245,"['#다사다난', '#추석연휴', '#하이라이트', '#쇠질', '#만두']",2021-09-22T15:50:32.000Z
246,"['#daily', '#추석', '#연휴', '#끝', '#거짓말', '#말도안돼', '#용인', '#수지', '#고기동', '#산의아침', '#막국수', '#만두', '#녹두전', '#맥주', '#안다미로', '#날좋은날', '#구름', '#퐁실퐁실', '#노을', '#Sunset', '#망원한강', '#한강', '#야경', '#나들이', '#코로나꺼져', '#잘먹고잘살기']",2021-09-22T15:34:59.000Z
247,"['#두정동맛집', '#두정동', '#두정동먹자골목', '#해장', '#해장국맛집', '#해장하러', '#오세요', '#느끼한거먹으면', '#얼큰한거', '#이벤트', '#이벤트중', '#짬뽕지존', '#짬뽕맛집', '#짬뽕', '#짬뽕지존본점', '#짬뽕순두부', '#짬뽕타임', '#짬뽕밥', '#다맛있음', '#기분좋으면', '#만두', '#서비스', '#ㅋㅋㅋ', '#짬뽕스타그램', '#맛집추천', '#맛집스타그램', '#해장스타그램']",2021-09-22T15:29:21.000Z
248,"['#먹스타그램', '#맛스타그램', '#foodstagram', '#대구', '#맛집', '#대구맛집', '#모모상점', '#무화과빙수', '#무화과', '#빙수', '#떡볶이', '#황떡', '#튀김', '#오뎅', '#만두', '#김말이', '#백금당', '#백금당커피', '#커피', '#coffee']",2021-09-22T15:21:26.000Z
249,"['#긍정', '#군만두', '#만두', '#한만두', '#일상', '#행복', '#긍정', '#감사', '#긍정파워', '#일상스타그램', '#일상']",2021-09-22T15:18:03.000Z
250,"['#dimsum', '#오늘아님', '#딤섬', '#만두', '#suimai', '#chinesefood', '#chinese', '#asian', '#asianfood', '#ny', '#nj', '#뉴욕', '#맛집', '#중국집', '#중국음식', '#먹방', '#mukbang', '#foodie', '#foodstagram', '#맞팔', '#선팔', '#미국생활', '#최애']",2021-09-22T15:13:50.000Z
251,"['#아동요리', '#복지관수업', '#만두']",2021-09-22T15:08:34.000Z
252,"['#즐거운내하루하루', '#반려견', '#포메라니안', '#크림포메', '#목욕하고', '#드라이', '#순둥이', '#우리만두', '#만두', '#이뻐요', '#뽀뽀']",2021-09-22T15:03:41.000Z
253,"['#속초', '#함흥냉면옥', '#만두', '#존맛탱', '#jmt', '#loveit', '#❤️']",2021-09-22T15:02:57.000Z
254,"['#만두', '#그림', '#낙서']",2021-09-22T14:55:32.000Z
255,"['#명절', '#연휴끝', '#삼시세끼', '#백반', '#분식', '#덮밥', '#잡채', '#런친미트', '#깡통햄', '#떡볶이', '#만두', '#참치김치덮밥', '#집밥', '#홈쿡', '#ff', '#ffollow', '#쿡스타그램', '#부부밥상', '#밥상스타그램', '#집순이', '#좋아요']",2021-09-22T14:52:40.000Z
256,"['#햄스터', '#골든햄스터', '#만두', '#챗바퀴', '#hamster', '#goldenhamster', '#mandoo']",2021-09-22T14:50:07.000Z
257,"['#햄스터', '#골든햄스터', '#만두', '#hamster', '#goldenhamster', '#mandoo']",2021-09-22T14:43:34.000Z
258,"['#부산', '#대한민국', '#이가네칼국수', '#만두', '#부산맛집', '#korea', '#busan']",2021-09-22T14:43:33.000Z
259,"['#이유준', '#만두', '#폭풍성장']",2021-09-22T14:41:30.000Z
260,"['#엄마표', '#만두', '#꽝꽝', '#얼려서', '#싸주심']",2021-09-22T14:40:38.000Z
261,"['#추석', '#애카', '#나들이', '#개으른세상', '#만두', '#안주', '#볼트', '#퍼그친구들과', '#퍼그스타그램', '#럽스타그램', '#❤️']",2021-09-22T14:37:22.000Z
262,"['#추석', '#한가위', '#가족', '#밤줍기', '#고구마캐기', '#감따기', '#만두', '#전', '#갈비', '#잡채', '#등심', '#장어', '#삼겹살', '#송이버섯', '#술', '#살쪄', '#윷놀이', '#조카들', '#세자매', '#라운딩', '#천룡퍼블릭cc']",2021-09-22T14:31:18.000Z
263,"['#해운대', '#구남로', '#면', '#밀면', '#고메밀면', '#만두', '#존맛탱']",2021-09-19T12:34:34.000Z
264,"['#쉬어가기', '#덕성루', '#예약제식당', '#제주', '#만두']",2021-03-16T05:46:45.000Z
265,"['#골든햄스터', '#햄스터', '#만두', '#햄멍', '#goldenhamster', '#hamster', '#mandoo']",2021-09-22T14:34:21.000Z
266,"['#오늘의야식', '#만두', '#소주', '#하이볼', '#야식신기철님', '#야식']",2021-09-22T14:34:07.000Z
267,"['#hotpotlover', '#tomyum', '#foods', '#foodie', '#foodlover', '#foodstyling', '#foodbloggers', '#foodaddict', '#foodphotographer', '#foodstyling', '#foodforlife', '#foodism', '#foodcuisine', '#foodstagram', '#foodporn', '#instafood', '#buzzfeedfood', '#jmt', '#맛스타그램', '#먹스타그램', '#요리', '#집밥', '#핫팟', '#만두', '#돼지고기', '#저녁', '#dinner', '#晚餐', '#火鍋', '#料理', '#餃子']",2021-09-22T14:19:40.000Z
268,"['#직접만든', '#만두', '#못난이', '#추석음식', '#만두맛집', '#디자인담다안양지점']",2021-09-22T14:16:03.000Z
269,"['#daily', '#일상', '#추석', '#황금연휴', '#연휴막날', '#추석아가지마', '#슬프다', '#처음과끝을', '#자기랑', '#함께', '#드라이브', '#향남맛집', '#돈까스맛집', '#금화왕돈까스', '#돈까스', '#만두', '#쫄면', '#ᴊᴍᴛ', '#늘설레게해주는사람', '#고마워', '#사랑해', '#럽스타그램', '#먹스타그램', '#일상스타그램', '#설렌다그램', '#인스타초보', '#일상기록✍']",2021-09-22T14:04:00.000Z
270,"['#개성편수', '#개성찬방', '#개성편수', '#개성찬방', '#만두', '#오늘도집밥']",2021-09-22T14:00:25.000Z
271,"['#koreanfood', '#foodlover', '#corea', '#comidacoreana', '#caracascomida', '#dumplings', '#mandu', '#만두', '#deliverycaracas', '#deliverygratis', '#comparteenfamilia', '#kpop', '#koreandumplingscaracas']",2021-09-22T13:59:07.000Z
272,"['#단다니네', '#성북동집', '#남이해준밥', '#해장', '#칼국수', '#칼만두', '#만두', '#맛집', '#성북동맛집', '#연휴끝']",2021-09-22T13:53:49.000Z
273,"['#황남매_일상스타그램', '#황남매', '#추석연휴마지막날', '#의령나들이\u200d\u200d', '#의령소바본점', '#추석연휴라', '#쉼', '#화정소바', '#여기도맛집', '#냉소바', '#치즈뿌린돈까스', '#만두', '#내입맛엔별로', '#부산가야에있는의령소바가더맛나', '#위에돈가스있는', '#여긴고기가위에있다', '#그래도맛나게다먹음', '#돈가스도맛있었음']",2021-09-22T13:44:55.000Z
274,"['#풍납동', '#냉면', '#칡냉면', '#만두', '#유천냉면', '#유천냉면풍납점']",2021-09-22T13:42:24.000Z
275,"['#americanshorthair', '#catsofinstagram', '#아메숏', '#아메리칸쇼트헤어', '#mandoo', '#만두', '#켓스타그램', '#켓만두', '#냥스타그램', '#ネコ']",2021-09-22T13:36:15.000Z
276,"['#만두', '#추석', '#마지막', '#개', '#강아지', '#낮잠', '#할매']",2021-09-22T13:25:33.000Z
277,"['#양관님', '#먹방', '#헛소리', '#노래한곡', '#만두', '#조승우', '#사랑해❤️', '#건강하세요', '#ㅋㅋㅋㅋㅋㅋㅋㅋㅋㅋㅋㅋㅋㅋㅋㅋㅋㅋㅋㅋㅋㅋㅋㅋㅋㅋㅋㅋㅋㅋㅋㅋㅋㅋㅋㅋㅋㅋㅋㅋㅋㅋㅋㅋㅋㅋㅋㅋㅋㅋㅋㅋㅋㅋㅋㅋㅋㅋㅋㅋㅋㅋㅋㅋㅋㅋㅋㅋㅋㅋㅋㅋㅋㅋㅋㅋㅋㅋㅋㅋㅋㅋㅋㅋㅋㅋㅋㅋㅋㅋㅋㅋㅋㅋㅋㅋㅋㅋㅋㅋㅋㅋㅋㅋㅋㅋㅋㅋㅋㅋㅋㅋㅋㅋㅋㅋㅋㅋㅋㅋㅋㅋㅋㅋㅋㅋㅋㅋㅋㅋㅋㅋㅋㅋㅋ']",2021-09-22T13:24:43.000Z
278,"['#餃子', '#手作り餃子', '#gyoza', '#ぎょうざ', '#餃子好きな人と繋がりたい', '#餃子大好き', '#餃子は文化', '#餃子の皮', '#餃子とビール', '#おうちごはん', '#宇都宮', '#dumplings', '#utsunomiya', '#gyozaaddict', '#mandu', '#料理男子', '#餃子部', '#餃子に夢中', '#만두', '#frieddumplings', '#餃子スタグラム', '#餃子とワイン', '#餃子男子', '#冷凍餃子', '#餃子女子', '#自炊生活', '#餃子専門店', '#おうち餃子', '#将来の夢', '#お取り寄せ餃子']",2021-09-22T13:23:24.000Z
279,"['#장군도만두', '#만두', '#여수맛집', '#여행사진', '#음식사진', '#먹스타', '#어디든', '#간다', '#만두강추', '#맛집탐방', '#인친환영', '#댓글맞팔', '#소통환영', '#만두전문점']",2021-09-22T13:22:44.000Z
280,"['#corea', '#dumplings', '#mandu', '#jajangmyeon', '#gastronomia', '#foodpics', '#foodie', '#comida', '#seoul', '#korea', '#seul', '#만두', '#자장면']",2021-09-22T13:20:09.000Z
281,"['#JOOHONEYGRAM', '#주헌', '#JOOHEON', '#바바요', '#허니', '#에너지', '#호랑이', '#Behappystayhappy', '#만두', '#주꿀', '#애기꿀떡', '#우리허니잘생겼다', '#주헌이와_몬베베는_꿀떡궁합', '#몬스타엑스', '#MONSTAX', '#MONSTA_X', '#official_monsta_x', '#monstaxjooheon', '#MONSTAGRAM', '#몬스타그램', '#Monbebe', '#몬베베', '#WENEE', '#위니', '#KPOP']",2021-09-22T13:19:34.000Z
282,"['#한맥', '#맥주안주', '#닭발', '#만두', '#저녁식사']",2021-09-22T13:18:22.000Z
283,"['#인물화', '#술취한', '#만두', '#윈지개월', '#아기그림', '#유아그림']",2021-09-22T13:16:57.000Z
284,"['#경기도', '#연천', '#망향비빔국수본점', '#비빔국수', '#잔치국수', '#만두', '#강철비맛집']",2021-09-22T13:07:29.000Z
285,"['#저녁메뉴', '#만두', '#분대기조', '#최후의만찬일까', '#언제나오려나', '#wd']",2021-09-22T13:06:25.000Z
286,"['#koreanfood', '#kfood', '#class', '#zoom', '#cookeryclass', '#요리', '#요리스타크램', '#닭볶음탕', '#닭도리탕', '#맛스타그램', '#파김치', '#만두', '#zoomclass', '#recipe', '#cook', '#food', '#goodfood', '#eat', '#korean']",2021-09-22T13:00:46.000Z
287,"['#만두', '#만두귀신', '#남양주맛집', '#어랑손만두', '#어랑손만두국', '#이북식만두', '#나들이', '#소풍', '#착한가격']",2021-09-22T12:59:51.000Z
288,"['#산책', '#만두', '#빠숑', '#만빠그램', '#만두와빠숑이', '#비숑', '#비숑프리제', '#ilovemydog', '#bichonfrise', '#ビション', '#比雄犬', '#whitedog', '#fluffydog', '#puppies', '#비숑스타그램', '#강아지그램', '#instapuppy', '#강아지', '#댕댕이', '#dog', '#lovelydog', '#bichonpuppy', '#bichonstagram', '#산책스타그램']",2021-09-22T12:59:40.000Z
289,"['#무서워', '#안아줘', '#두고', '#가지마', '#집에선', '#무법자', '#밖에선', '#쫄보', '#겁쟁이', '#김만두']",2021-09-22T12:55:23.000Z
290,"['#냉면', '#수육', '#만두', '#속초코다리냉면', '#송도본점']",2021-09-22T12:55:16.000Z
291,"['loveyupdduk', '#엽기떡볶이', '#메뉴']",2021-09-22T12:48:57.000Z
292,"['#물만두', '#만두', '#비비고만두', '#저녁메뉴', '#저녁', '#야식', '#먹방스타그램', '#먹소통', '#맛있다그램', '#먹스타맞팔']",2021-09-22T12:46:20.000Z
293,"['#데일리', '#데일리룩', '#daily', '#dailylook', '#첫줄반사', '#인친', '#좋아요', '#좋반', '#좋아요테러', '#좋테', '#맞팔', '#선팔', '#좋아요반사', '#ootd', '#selca', '#selfie', '#cafe', '#소통', '#instagood', '#follow', '#followme', '#folloback', '#fff', '#ff', '#flf', '#내돈내산', '#야식', '#만두']",2021-09-22T12:42:01.000Z
294,"['#경남', '#진주', '#진주맛집', '#맛집', '#서박사냉면', '#물냉면', '#만두', '#다먹고집와서쓰는후기', '#소울푸드', '#인냉']",2021-09-22T12:41:36.000Z
295,"['#양꼬치', '#양갈비', '#대하', '#꿔바로우', '#냉면', '#만두']",2021-09-22T12:39:09.000Z
296,"['#장충동', '#평양면옥', '#평양냉면', '#수육', '#만두', '#만월', '#복분자', '#브랜디', '#예천', '#brandy', '#메밀', '#호텔델루나', '#장만월', '#아이유', '#드라마', '#kdrama', '#보름달', '#gastronomy', '#alchohol', '#술', '#전통주', '#koreanfood', '#ricewine', '#tasting', '#한가위', '#추석']",2021-09-22T12:33:13.000Z
297,"['#연휴끝', '#일상으로', '#꽃게', '#만두', '#소금구이', '#일상']",2021-09-22T12:21:49.000Z
298,"['#베지가든매운떡볶이', '#컵떡볶이', '#편의점떡볶이', '#만두', '#미역국', '#우엉잡채', '#집밥', '#집밥스타그램', '#비건집밥', '#채식집밥']",2021-09-22T12:19:22.000Z
299,"['#밸런스게임', '#이름하여', '#마미쿡_콤보강정', '#콤보만두강정', '#콤보치즈떡강정', '#극강의밸런스', '#콤보', '#만두', '#치즈떡', '#닭강정', '#마미쿡', '#치킨맛집마미쿡', '#치즈맛집마미쿡', '#치즈버거', '#마미쿡버거', '#모짜렐라']",2021-09-22T12:15:16.000Z
300,"['#만두', '#스타그램', '#멍멍이', '#강아지', '#산책', '#멍스타그램', '#추석']",2021-09-22T12:03:51.000Z
301,"['#두유럽', '#만두', '#mandoo', '#일상', '#데일리', '#멍스타그램', '#강아지', '#반려견', '#펫스타그램', '#개스타그램', '#개', '#산책', '#반려동물', '#인스타펫', '#셀피', '#반려견스타그램', '#dog', '#dogstagram', '#pet', '#petstagram', '#daily', '#ll', '#selfie', '#puppy', '#반려인소통', '#반려견일상', '#육아일상', '#육아소통', '#육아', '#육아맘']",2021-09-22T12:02:12.000Z
302,"['#기니', '#기니피그', '#기니피그램', '#기니피그스타그램', '#기니피그키우기', '#기니피그집', '#기니피그집사', '#기니피그일상', '#기니돼지', '#손만두', '#기니피그만두', '#만두야사랑해❤️', '#뚱뚱잉', '#만두', '#울애기', '#내새낑', '#간식', '#만두요미', '#배고파', '#간식먹방', '#먹방', '#늘잘먹어요', '#살쪄도', '#귀여워', '#동글동글이']",2021-09-22T11:56:47.000Z
303,"['#서가만두', '#만두', '#만두맛집', '#꿀맛탱', '#먹방로드']",2021-09-22T11:56:30.000Z
304,"['#만두', '#강아지', '#반려견', '#댕댕이', '#목욕', '#뻗음', '#졸려', '#코코', '#굿나잇', '#댕나잇', '#푸들', '#잘자요', '#명절', '#끝', '#수고했어', '#집사', '#휴일', '#일상', '#데일리', '#좋아요', '#팔로우', '#댕팔', '#dog', '#pet', '#puppy', '#poodle', '#cutedog']",2021-09-22T11:54:48.000Z
305,"['#귀멸의칼날', '#네즈코', '#캐릭터', '#상품', '#만두', '#사고싶다']",2021-09-22T11:53:43.000Z
306,"['#만두', '#오분순삭', '#게눈감추듯', '#사라짐']",2021-09-22T11:50:17.000Z
307,"['#만두', '#카페', '#cafe', '#커피', '#coffee', '#브루잉', '#berwing', '#스페셜티커피', '#specailtycoffee', '#커피바', '#위스키', '#보드카', '#칵테일', '#통밀쿠키', '#스콘', '#맥주', '#와인보틀', '#보틀와인', '#와인', '#글라스와인', '#잔와인']",2021-09-22T11:47:56.000Z
308,"['#떡볶이', '#튀김', '#주먹밥', '#만두']",2021-09-22T11:36:14.000Z
309,"['#만두', '#드라이브', '#마초쉐프']",2021-09-22T11:27:06.000Z
310,"['#만두', '#튀김', '#튀김만두', '#북촌손만두', '#만두만먹고살게', '#홍대', '#합정', '#상수', '#새우만두', '#휴일종료', '#내일출근']",2021-09-22T11:25:31.000Z
311,"['#먹스타그램', '#먹는사람', '#안양집', '#가직모', '#노답모임', '#식전빵', '#목살김치찜', '#감바스', '#만두', '#볶음밥', '#팬다주니어']",2021-09-22T11:18:30.000Z
312,"['#추석', '#두유럽', '#만두', '#mandoo', '#일상', '#데일리', '#멍스타그램', '#강아지', '#반려견', '#펫스타그램', '#개스타그램', '#개', '#산책', '#반려동물', '#인스타펫', '#셀피', '#반려견스타그램', '#dog', '#dogstagram', '#pet', '#petstagram', '#daily', '#ll', '#selfie', '#puppy', '#반려인소통', '#반려견일상', '#육아일상', '#육아소통', '#육아']",2021-09-22T11:16:12.000Z
313,"['#소주', '#안주', '#분', '#제조', '#불곱창', '#만두', '#오뎅탕', '#알콜', '#도이하', '#음료', '#st', '#라산이', '#nd', '#빨간이슬이']",2021-09-22T11:15:11.000Z
314,"['#능라도본점', '#평양냉면', '#판교맛집', '#운중동맛집', '#만두']",2021-09-22T11:07:02.000Z
315,"['#추석연휴', '#가을', '#낙동강변', '#떡볶이', '#튀김', '#만두', '#전동휠']",2021-09-22T11:06:24.000Z
316,"['#명동교자', '#만두', '#명동칼국수']",2021-09-22T11:05:22.000Z
317,"['#천호동맛집', '#강동구맛집', '#엽떡', '#떡볶이', '#닭발', '#칼국수', '#잔치국수', '#만두', '#수제비', '#라면', '#짬뽕', '#고추짬뽕', '#닭발', '#매운떡볶이', '#면스타그램', '#칼국수맛집', '#멸치국수', '#파스타', '#라멘', '#혼술', '#맛집추천', '#맛집스타그램', '#먹스타그램', '#맛집탐방', '#매운음식', '#먹팔', '#먹스타맞팔', '#먹방', '#먹방맞팔', '#맛집']",2021-09-22T11:03:49.000Z
318,"['#朝活', '#家庭菜園', '#野菜', '#収穫', '#韓国料理', '#実家', '#両親', '#ランチ', '#おうちごはん', '#手作り', '#餃子', '#マンドゥ', '#プルコギ', '#ジム', '#トレーニング', '#筋トレ', '#体幹トレーニング', '#有酸素運動', '#ランニング', '#水泳', '#lunch', '#homemade', '#koreancuisine', '#gyoza', '#bulgogi', '#점심', '#수제', '#한국요리', '#만두', '#불고기']",2021-09-22T11:02:41.000Z
319,"['#부산', '#양산', '#서창', '#평산', '#덕계', '#요리', '#음식', '#음식스타그램', '#먹스타그램', '#집밥', '#만두', '#만들기', '#메인은', '#수비드', '#목살']",2021-09-22T11:00:28.000Z
320,"['#서현먹자골목', '#망향비빔국수❗️', '#만두']",2021-09-22T10:58:30.000Z
321,"['#첫줄', '#추석연휴', '#마지막날', '#의왕', '#타임빌라스', '#롯데프리미엄아울렛', '#야경', '#짱', '#동방누들', '#푸드코트', '#새우완탕면', '#우육탕면', '#만두', '#홍콩음식', '#춘천감자빵', '#감자밭', '#감자빵', '#추천', '#겉쫀속촉', '#행복한하루', '#곧', '#돌아기', '#육아소통', '#좋아요']",2021-09-22T10:57:07.000Z
322,"['#평양냉면', '#저녁식사', '#혼밥', '#냉면', '#만두', '#강서구', '#마곡', '#능라도', '#평냉', '#물냉면', '#국수', '#음식', '#냠냠', '#먹팔', '#먹스타그램', '#Seoul', '#koreanfood', '#kfood', '#food', '#foodie', '#foodstagram', '#食べスタグラム', '#食べ物']",2021-09-22T10:55:48.000Z
323,"['#럽스타그램', '#커플', '#강원도', '#강릉', '#강문해변', '#일차', '#일차', '#회', '#초밥', '#갑자기', '#땡긴', '#만두', '#홍천', '#홍천휴게소', '#냠냠', '#여행끝', '#❤️', '#여행스타그램', '#박일', '#끝', '#instagram', '#instadaily', '#lovestagram', '#instagood']",2021-09-22T10:54:04.000Z
324,"['#럽스타그램', '#커플', '#강원도', '#강릉', '#강문해변', '#일차', '#일차', '#회', '#초밥', '#갑자기', '#땡긴', '#만두', '#홍천', '#홍천휴게소', '#냠냠', '#여행끝', '#❤️', '#여행스타그램', '#박일', '#끝', '#instagram', '#instagood', '#lovestagram', '#instadaily']",2021-09-22T10:49:51.000Z
325,"['#집콕', '#홈쿡', '#요리스타그램', '#쿠킹스타그램', '#야매요리', '#만두', '#라이스페이퍼요리', '#겉바속촉', '#먹팔', '#맞팔', '#cooking', '#밥반찬', '#술안주', '#쫄깃쫄깃', '#다이어트식단', '#먹스타', '#맛스타', '#연휴', '#식단', '#오늘뭐먹지']",2021-09-22T10:46:44.000Z
326,"['#추석', '#연휴일차', '#오늘은', '#만두', '#백종원']",2021-09-22T10:45:34.000Z
327,"['#간단히', '#저녁메뉴', '#칼로리폭탄', '#치즈떡볶이', '#만두', '#필라이트', '#맥주', '#여보최고❤️']",2021-09-22T10:41:13.000Z
328,"['#탄포포', '#잠실새내역맛집', '#데이트장소']",2021-09-22T08:54:45.000Z
329,"['#만두', '#우당탕탕', '#현실산책', '#제어불가능', '#사람산책', '#포메스타그램', '#포메라니안', '#멍팔', '#멍스타그램', '#반려인그램', '#협찬환영', '#pomeranian', '#dogstagram', '#puppystagram', '#산책', '#명랑소녀만두', '#꼬꼬마만두', '#followfollow']",2021-09-22T10:29:38.000Z
330,"['#만두그램', '#만두', '#멍스타그램', '#멍팔', '#멍팔환영', '#펫스타그램', '#멍멍이', '#댕댕이', '#좋아요', '#좋아요반사', '#팔로우', '#말티숑', '#미니비숑', '#비숑', '#말티즈', '#멍스타', '#개스타그램', '#fff', '#lfl', '#반려견', '#반려견그램', '#멍멍이그램', '#멍팔맞팔', '#멍팔해요', '#일상스타그램', '#일상', '#애견', '#개팔자상팔자', '#개들랜드']",2021-09-22T10:26:11.000Z
331,"['#만두', '#dumpling', '#mandu', '#wonton', '#autumnvibes', '#chuseok']",2021-09-22T10:24:17.000Z
332,"['#추석먹부림', '#베트남쌀국수', '#땀땀', '#프리미엄보양쌀국수', '#매운소곱창쌀국수', '#숯불직화소고기쌀국수', '#양지쌀국수', '#냉면', '#만두', '#진미평양냉면', '#팥빙수', '#녹차빙수', '#과일빙수', '#밀탑', '#울엄마표', '#갈비찜']",2021-09-22T10:20:40.000Z
333,"['#時差投稿', '#先月', '#夜ご飯', '#夕食', '#ディナー', '#餃子', '#餃子パーティー', '#れっつぱーりー', '#中井和哉', '#ぎょうざ', '#餃子大好き', '#餃子好き', '#ラー油', '#ポン酢', '#おろしそ', '#アレンジレシピ', '#アレンジ', '#久々', '#ホットプレート', '#만두', '#커플', '#연인', '#오빠', '#저녁식사']",2021-09-22T10:17:45.000Z
334,"['#iPhone', '#日常写真', '#日常照片', '#photooftheday', '#instadaily', '#food', '#instagood', '#음식', '#일상', '#먹스타그램', '#인스타푸드', '#푸드스타그램', '#인스타그램', '#Hàngngày', '#팔로우환영', '#パパごはん', '#パパの料理', '#爸爸饭', '#爸爸做的菜', '#아빠의요리', '#いいね返し', '#写真好きな人と繋がりたい', '#東京', '#餃子', '#饺子', '#만두', '#ビール', '#啤酒']",2021-09-22T10:17:42.000Z
335,"['#추석', '#만두만들기', '#만두', '#고기만두', '#cooking', '#formom', '#myself', '#cook', '#cookingtime', '#athome', '#goodjob', '#handmade']",2021-09-22T10:16:39.000Z
336,"['#수욜', '#저녁', '#연휴끝', '#떡볶이', '#불스떡볶이', '#세트메뉴', '#당면사리추가', '#주먹밥', '#돈까스', '#만두', '#단계', '#맵게', '#추천곡', '#넥스트레벨', '#NextLevel', '#aespa', '#에스파']",2021-09-22T10:16:03.000Z
337,"['#따릉이', '#아아', '#만두', '#꿀맛', '#자린이', '#자전거', '#자전거타는여자', '#로드타는여자', '#로드자전거', '#사이클', '#라이딩', '#자전거그램', '#일상', '#좋아요', '#좋반', '#운동', '#운동하는여자', '#운동스타그램', '#부부라이딩']",2021-09-22T10:05:32.000Z
338,"['aexisk', 'providoor', 'estherbit', 'chochosansydney', '#wagyu', '#sirloin', '#koshihikari', '#prawns', '#gyoza', '#tuna', '#avocado', '#edamame', '#beef', '#steak', '#friedrice', '#dumplings', '#sashimi', '#japanesefood', 'champagnelanson', '#champagne', '#foodie', '#instafood', '#sydneyeats', '#sydneyfoodie', '#eatstagram', '#와규', '#스테이크', '#소고기', '#볶음밥', '#새우', '#만두', '#참치', '#일식', '#샴페인', '#먹스타그램']",2021-09-22T09:55:56.000Z
339,"['#삼창교자', '#가로수길맛집', '#만두', '#만두맛집', '#신사맛집', '#신사역맛집', '#최자로드', '#맛집', '#맛스타그램', '#맛집리뷰', '#구복만두', '#미쉐린가이드']",2021-09-22T09:55:34.000Z
340,"['#일상', '#부산', '#밀면', '#국제밀면', '#장조림', '#고명', '#비빔밀면', '#센치키에소녀갬성꿈꾸는완', '#만두']",2021-09-22T09:55:33.000Z
341,"['#동그랑땡', '#꼬치산적', '#애호박전', '#만두', '#잡채', '#나박김치']",2021-09-22T09:51:14.000Z
342,"['#자고일어나서', '#저러고있음', '#귀요미', '#말티푸', '#만두', '#이불귀신', '#멍', '#maltipoo', '#dog', '#puppy', '#mylovelydog', '#myroom']",2021-09-22T09:49:18.000Z
343,"['#소문난통통쌀찐빵만두', '#좋반', '#좋아요반사', '#먹스타그램', '#먹스타맞팔', '#먹팔', '#먹부림', '#먹스타', '#먹', '#대구맛집', '#대구핫플', '#대구데이트', '#대구맛집추천', '#대구가볼만한곳', '#대구동성로맛집', '#동성로맛집', '#동성로핫플', '#만두', '#만두맛집']",2021-09-22T09:34:16.000Z
344,"['#단촐한간식', '#연휴끝', '#김치전', '#아삭김치전', '#만두', '#군만두', '#구운만두', '#튀긴만두', '#튀김만두']",2021-09-22T09:32:58.000Z
345,"['#협찬', '#백청우만두', '#한끼식사', 'thankyou_back', '#고기만두', '#김치만두', '#만두', '#택배', '#백청우식품', '#백청우칼국수', '#만두맛집', '#수원맛집']",2021-09-22T09:31:21.000Z
346,"['#연휴막날', '#츄르를받아주시옵소서', '#능라도광화문점', '#평양냉면', '#녹두지짐이', '#만두']",2021-09-22T09:29:27.000Z
347,"['okmart_carnegie', 'twinsdaddy_richmond', '#만두', '#Melbourne', '#Australia', '#korean', '#koreanfood', '#chuseokpresent', '#eatallthethings', '#melbournelife', '#eatmelbourne', '#melbournefoodie', '#foodporn', '#gastronomy', '#melbournefood', '#instafood', '#melbournecity', '#eatingmelbourne', '#aussie', '#instafood']",2021-09-22T09:28:52.000Z
348,"['#일상', '#소통', '#내돈내산', '#만두맛집', '#대구만두', '#만두', '#군만두', '#왕만두', '#손만두', '#대구', '#대구맛집', '#한끼', '#밥하기싫은날', '#가을', '#먹방', '#먹스타그램']",2021-09-22T09:26:21.000Z
349,"['#餃子', '#만두', '#大根おろし', '#ポン酢', '#桃屋のしびれと辛さががっつり効いた麻辣香油', '#塩昆布サラダ', '#おうちごはん', '#家庭料理', '#シンプルごはん', '#シンプルな暮らし', '#日々の暮らし', '#好きなものに囲まれて暮らす', '#ひとり暮らし', '#一人暮らし', '#自炊', '#食で心と身体を整える', '#昼ごはん', '#昼食', '#夜ごはん', '#晩ごはん', '#晩酌', '#晩酌推進委員会', '#일본', '#도쿄', '#일본요리', '#먹스타그램', '#クッキングラム', '#instagood', '#lifestyle', '#instafood']",2021-09-22T09:25:57.000Z
350,"['#도경수요일', '#이북식만두', '#mandoo', '#dumplings', '#만두', '#이북식만두', '#피양옥', '#평양만두', '#독거노인의밥상', '#daily', '#일상', '#lifeStyle', '#MyStyle', '#미호']",2021-09-22T09:20:46.000Z
351,"['#고마운분들', '#거제도', '#회스타그램', '#거제도맛집', '#거제도여행', '#골린이', '#선팔하면맞팔', '#만두', '#친구', '#Geojeisland', '#followｍe']",2021-09-22T09:19:29.000Z
352,"['#압구정', '#함흥면옥', '#물냉', '#비냉', '#만두', '#맛집', '#근돼']",2021-09-22T09:16:17.000Z
353,"['#먹방', '#먹스타그램', '#만두', '#만둣국', '#찐만두', '#교자', '#떡볶이', '#만둣국', '#만두국', '#찐빵만두', '#맛있게', '#먹으면', '#kcal', '#한번에', '#다', '#먹으면', '#인분', '#잘먹겠습니다', '#만두최고']",2021-09-22T09:10:29.000Z
354,"['#수원', '#만두', '#수원만두맛집', '#튀김만두', '#찐만두', '#만두맛집']",2021-09-22T09:08:09.000Z
355,"['#보배네만두', '#만두국', '#만두', '#찐만두', '#떡만두국', '#도토리묵사발', '#만두스타그램', '#여주만두', '#여주음식점', '#맛스타그램', '#먹스타그램', '#먹방', '#음식스타그램', '#추억의맛집', '#내돈내산후기', '#일상', '#싱거움주의']",2021-09-22T09:03:03.000Z
356,"['#옥정호', '#산책로', '#만두']",2021-09-22T08:58:07.000Z
357,"['#韓国料理', '#チヂミ', '#マンドゥ', '#王餃子', '#ティギム', '#韓国好きな人と繋がりたい', '#マッコリ', '#プリバイオマッコリ', '#한국요리', '#부침개', '#만두', '#왕만두', '#튀김', '#막걸리', '#프리바이오막걸리']",2021-09-22T08:56:13.000Z
358,"['#첫줄', '#좋아요', '#강아지', '#만두', '#비숑', '#개월강아지', '#광주', '#선팔', '#맞팔', '#인친', '#인친해요']",2021-09-22T08:52:38.000Z
359,"['#HBD', '#울산', '#병영', '#만두', '#맛집', '#별난만두', '#별난만두병영점', '#울산맘', '#줌마그램', '#육아', '#애스타그램', '#주부일상', '#육아스타그램', '#먹방', '#먹스타그램', '#맛스타그램', '#일상', '#일상그램', '#데일리', '#instadaily', '#insta', '#instagram', '#좋아요']",2021-09-22T08:47:38.000Z
360,"['#첫줄', '#추석', '#만두', '#만두맛집', '#김치손만두', '#만두만들기', '#잎새만두', '#새벽까지', '#누가보면_만두공장_인줄']",2021-09-22T08:47:24.000Z
361,"['#데일리', '#daily', '#day', '#추석', '#연휴', '#마지막', '#마지막날', '#선물', '#뽀', '#텔레토비', '#광주', '#중외공원', '#돗자리', '#피크닉', '#김밥', '#떡볶이', '#만두', '#분식', '#과일', '#먹방', '#날씨', '#좋다', '#벌레', '#싫다', '#개월', '#아기', '#아기스타그램', '#기록', '#소풍', '#좋아요']",2021-09-22T08:38:37.000Z
362,"['#첫줄', '#런닝머신', '#꾸준히', '#재활', '#운동', '#걷기', '#런닝', '#점심은', '#새우갈릭볶음밥', '#만두', '#치킨너겟', '#후식', '#레몬에이드', '#요리', '#먹는남자', '#관리하는남자', '#청주', '#증평', '#흔남', '#일상', '#인스타그램']",2021-09-22T08:36:53.000Z
363,"['#만두', '#멍스타그램', '#포메라니안']",2021-09-22T08:28:10.000Z
364,"['#마포맛집', '#아현맛집', '#아현시장', '#생활의달인', '#생활의달인맛집', '#건강한찐빵', '#표고만두', '#고기만두', '#만두맛집', '#만두', '#간식', '#간식스타그램', '#만두집', '#만두는사랑입니다', '#맛스타그램', '#먹스타그램', '#잘먹었습니다', '#존맛', '#food', '#foodstagram', '#foodporn', '#foodie', '#dumpling', '#dumplings', '#mandu', '#koreanfood', '#小笼包', '#好吃']",2021-09-22T08:26:31.000Z
365,"['#일광', '#전복죽', '#명가귀빈', '#일광당', '#만두', '#문토스트']",2021-09-22T08:19:57.000Z
366,"['#결혼식원피스', '#결혼식사회', '#결과', '#결기', '#결혼식패션', '#결혼박람회', '#결혼답례품추천', '#만화카페', '#만삭사진', '#만화', '#만두', '#만세', '#만년필', '#만들기', '#만남', '#만삭', '#만삭촬영', '#만남걸', '#만', '#만보걷기', '#만남의광장', '#만화책', '#만다라타투', '#만두전골', '#만화스타그램', '#만개의레시피', '#만두맛집']",2021-09-22T08:19:45.000Z
367,"['#만두', '#가족모두의', '#군만두가', '#순삭']",2021-09-22T08:15:04.000Z
368,"['#턱시도❤️', '#산책', '#애견호텔', '#군밤', '#만두', '#후추', '#일상', '#명절', '#마지막', '#다둥이', '#강아지', '#댕댕이', '#반려견', '#푸들', '#실버푸들', '#좀만천천히커줘', '#귀여워', '#사랑해', '#세마리', '#수요일', '#휴일', '#데일리', '#좋아요', '#팔로우', '#dog', '#pet', '#puppy', '#poodle', '#silverpoodle']",2021-09-22T08:14:30.000Z
369,"['#창원', '#성산구', '#상남동', '#마디미로', '#상남재래시장', '#상남시장', '#수제만두', '#만두', '#창원수제만두', '#성산구수제만두', '#상남동수제만두', '#다솜수제만두', '#다솜만두', '#맛집투어', '#맛집탐방', '#팔로우', '#먹스타그램', '#맞팔', '#오땡만두', '#오징어땡초만두', '#비빔만두']",2021-09-22T08:07:47.000Z
370,"['#추석', '#전부치기', '#추석연휴', '#뒷북', '#새우전', '#동그랑땡', '#추석명절', '#갈비찜', '#잡채', '#오징어초무침', '#만두', '#김치만두', '#고기만두']",2021-09-22T08:03:39.000Z
371,"['#분식', '#만두', '#찐만두', '#얇은피고기만두', '#군만두', '#삼각만두', '#떡볶이', '#떡국떡', '#만들어먹는재미', '#sunnyrecipe', '#sunnyrecipe맛간장', '#맛간장', '#추석연휴']",2021-09-22T08:02:25.000Z
372,"['#망향비빔국수본점', '#망향비빔국수', '#만두', '#아기국수', '#안비글', '#안비글', '#안비글', '#조카들과함께', '#먹스타그램']",2021-09-22T07:45:57.000Z
373,"['#메종드댕댕', '#킁킁이', '#고속도로_타고온보람있군']",2021-09-22T07:40:27.000Z
374,"['pizzahunt_uss', 'cafelotos', '#обедуссурийск', '#бизнесланчуссурийск', '#кафеуссурийск', '#корейскаякухня', '#корейскаякухняуссурийск', '#пицца', '#пиццадоставкой', '#тесто', '#доставка', '#вкусно', '#калинина', '#피자', '#한식', '#비빔밥', '#국수', '#만두', '#피자', '#된장국']",2021-09-22T07:27:51.000Z
375,"['#추석명절', '#먹고또먹고', '#먹방이라도찍을걸', '#장어', '#만두', '#가지전', '#사진에는없는', '#꽃게장', '#잡채', '#이제부턴', '#다이어트', '#빡시게시작']",2021-09-22T07:27:11.000Z
376,"['#망향비빔국수일산점', '#비빔국수', '#잔치국수', '#만두']",2021-09-22T07:26:33.000Z
377,"['#한복입은', '#오늘까지', '#뒤태남견', '#만두', '#말티즈만두', '#댕댕이스타그램']",2021-09-22T07:22:46.000Z
378,"['#해피추석', '#추석파티', '#잡채', '#떡볶이', '#만두', '#가락국수', '#갈비', '#콘치즈', '#밀크쉐이크', '#크림브뤌레', '#송편', '#술떡', '#절편', '#떡에진심인편', '#진심', '#힙한', '#한가위']",2021-09-22T07:21:50.000Z
379,"['#고양이', '#만두', '#찡코', '#cat', '#냥스타그램']",2021-09-22T07:19:05.000Z
380,"['#잘난만두', '#견공계의공유', '#최고만두', '#강스타그램', '#강쥐스타그램', '#영종도', '#영종도사는강아지', '#멍스타그램', '#인천공항옆집강아지', '#멍멍이', '#강아지', '#만두', '#반려견', '#대형견', '#최고만두', '#애견인', '#래브라도리트리버', '#리트리버', '#인천공항', '#개스타그램', '#크림랩', '#독스타그램', '#래브라도', '#댕댕이', '#리트리버그램', '#labradorretriever', '#dogstagram']",2021-09-22T07:02:26.000Z
381,"['#내돈내산', '#점심밥', '#평냉', '#외식', '#여의도피양옥', '#피양옥', '#쿡팔', '#먹팔', '#내돈내산', '#오늘뭐먹지', '#선팔하면맞팔', '#선팔맞팔', '#점심메뉴', '#외식메뉴', '#음식스타그램', '#만두', '#먹스타그램', '#맛스타그램', '#냉면스타그램']",2021-09-22T06:51:25.000Z
382,"['#떡', '#만두', '#스팸', '#소시지', '#양파', '#대파', '#김치', '#두부', '#라면', '#떡만두스팸소시지양파대파김치두부라면', '#일품라면', '#연휴마지막', '#명절', '#연휴', '#추석', '#추석연휴', '#명절연휴', '#일상', '#집밥', '#집라면']",2021-09-22T06:47:38.000Z
383,"['#塩らーめん', '#西中島', '#新大阪', '#ありがたいが', '#餃子', '#らーめん', '#ランチ', '#つけ麺', '#まぜそば', '#ビール', '#ramen', '#noodles', '#gyoza', '#饺子', '#만두', '#鍋貼', '#らー活', '#麺スタグラム', '#新大阪うまいもん', '#ubereats', '#ウーバ']",2021-09-22T06:43:37.000Z
384,"['#만두전골', '#청주아이스크림', '#산남동아이스크림', '#아이스크림', '#할인매장', '#아이스크림할인매장', '#당충전', '#icecream', '#달콤', '#달달', '#아이스그램', '#먹스타그램', '#맛스타그램', '#만두', '#전골', '#샤브샤브', '#추석음식', '#배터진다']",2021-09-22T06:43:34.000Z
385,"['#숲', '#엄마네동네서놀기', '#생긴지얼마안된카페', '#한옥카페', '#만두', '#냥이']",2021-09-22T06:42:28.000Z
386,"['#떡볶이', '#한국음식', '#내사랑떡볶이', '#만두', '#백선생님', '#감사해유', '#ddeokbokki', '#soulfood', '#koreanfood', '#mandoo', '#insydney', '#dinnerideas']",2021-09-22T06:41:16.000Z
387,"['#名古屋ランチ', '#愛知ランチ', '#名古屋ラーメン', '#愛知ラーメン', '#江南ラーメン', '#ラーメン', '#餃子', '#チャーハン', '#名古屋駅グルメ', '#B級グルメ', '#라면', '#나고야라면', '#만두', '#볶음밥', '#名古屋グルメ']",2021-09-22T06:41:16.000Z
388,"['#애완동물', '#강아지', '#멍스타그램', '#멍팔', '#포메라니안', '#만두', '#선팔', '#맞팔', '#포메', '#곰상포메', '#pomeranian', '#pom', '#인스타독', '#dog', '#pet', '#애완견', '#daily']",2021-09-22T06:28:06.000Z
389,"['#천호동숨은맛집', '#알아도못찾는집', '#천호동천가옥', '#갈비탕', '#만두', '#회냉면', '#물냉면', '#배민등맛집', '#요기요등맛집']",2021-09-22T06:20:30.000Z
390,"['#추석연휴', '#인사동', '#북촌손만두', '#피냉면', '#만두', '#물냉면', '#육수', '#얼음']",2021-09-22T06:16:08.000Z
391,"['#부산', '#서면', '#초량', '#부산역', '#부산역맛집', '#초량맛집', '#초량', '#프라페맛집', '#카페추천', '#만두', '#만두맛집', '#신발원', '#야외카페', '#데이트', '#럽스타그램', '#일상', '#daily']",2021-09-22T06:12:55.000Z
392,"['#명동교자', '#명동칼국슈', '#이태원칼귝수', '#이태원', '#명칼', '#교자만두', '#만두', '#불맛', '#이영자맛집', '#이영자칼귝수', '#선팔', '#맞팔']",2021-09-22T06:09:04.000Z
393,"['#일상', '#음식', '#음식사진', '#만두', '#먹스타맞팔', '#먹스타그램', '#먹는게제일좋아']",2021-09-22T06:03:52.000Z
394,"['#만두장인', '#만두', '#만두빗기', '#김치만두', '#만두맛집', '#우리집', '#간만에', '#실력발휘', '#꿀맛', '#호로록', '#❤️', '#dumpling']",2021-09-22T06:01:18.000Z
395,"['#추석연휴', '#중국음식', '#만두', '#맛집', '#재발견', '#홍대입구역', '#산동꾸냥수제만두', '#만두맛집', '#탄탄면', '#홍여우차우셔우', '#지짐고기만두', '#음식', '#폭풍흡입', '#중국가요', '#중국', '#혼자', '#만두', '#지인', '#인친', '#강력추천']",2021-09-22T05:57:21.000Z
396,"['#펫스타그램', '#인스타독', '#멍스타그램', '#견스타독', '#만두와찐빵', '#좋아요', '#좋반', '#만두', '#찐빵', '#포메', '#웰시', '#웰시코기', '#아기강아지', '#댕댕이그램', '#반려견', '#애견', '#댕팔', '#멍팔', '#멍팔환영', '#댕팔환영', '#맞팔', '#커플룩', '#애견커플룩', '#펫스타그램', '#강쥐', '#데일리룩', '#강아지패밀리룩', '#패피', '#강아지옷', '#치명적']",2021-09-22T05:45:32.000Z
397,"['#일곱번째먹부림', '#만포면옥', '#만포면옥', '#북한산맛집', '#고양맛집', '#냉면맛집', '#평양냉면맛집', '#평양냉면', '#냉면', '#맛집', '#녹두지짐', '#만두', '#수제만두', '#맛집투어', '#맛집추천']",2021-09-22T05:44:13.000Z
398,"['#일상스타그램', '#데일리', '#daily', '#foodstagram', '#food', '#foodporn', '#koreanfood', '#seoul', '#푸드스타그램', '#먹스타그램', '#맛집', '#잠실맛집', '#서울맛집', '#황도바지락칼국수', '#바지락칼국수', '#만두', '#칼국수', '#jmt', '#소통', '#선팔하면맞팔', '#선팔', '#맞팔', '#좋아요반사', '#ff', '#ll', '#likeforfollow', '#followforfollowback', '#ootd']",2021-09-22T05:43:13.000Z
399,"['#게살볶음밥', '#깍두기', '#만두']",2021-09-22T05:33:38.000Z
400,"['#비냉', '#만두', '#분식', '#맛잇다그램', '#맛잇다냠냠', '#먹스타그램', '#먹스타맞팔', '#다이어트', '#다이어트소통', '#살크업', '#벌크업', '#돼지', '#돼지어터', '#피트니스', '#피트니스모델', '#보디빌딩', '#보디빌더']",2021-09-22T05:26:53.000Z
401,"['#만두', '#김치만두', '#맛점', '#개성손만두요리전문점', '#원당맛집', '#고기만두']",2021-09-22T05:18:58.000Z
402,"['#영천', '#영천만두', '#영천북경만두', '#북경만두', '#만두', '#간식', '#간식배달']",2021-09-22T05:14:49.000Z
403,"['#쏭스키친', '#ㅎㅇㅎ', '#쏭테이블', '#쏭베이킹', '#홈베이킹', '#쌀베이킹', '#키토베이킹', '#lchf', '#오늘의키토식', '#노밀가루', '#다이어트빵', '#홈카페', '#다이어트식단', '#식단', '#건강식', '#다이어터', '#유지어터', '#먹스타그램', '#맛스타그램', '#빵스타그램', '#온더테이블', '#빵순이', '#dessert', '#homebaking', '#굴림만두', '#만두', '#다이어트']",2021-09-22T05:02:12.000Z
404,"['#최애막걸리', '#나루생막걸리', '#만두', '#손만두', '#명절', '#추석', '#먹스타그램']",2021-09-22T04:47:40.000Z
405,"['#HappyChuseok', '#Chuseok', '#KoreanThanksgiving', '#VeganChuseok', '#Japchae', '#VeganJapchae', '#VeganKimbap', '#Labboki', '#VeganLabboki', '#KoreanPancakes', '#VeganKoreanPancakes', '#Buchimi', '#VeganBuchimi', '#VeganSushi', '#VeganSeoulFood', '#비건추석', '#추석', '#비건라볶이', '#라볶이', '#부침이', '#비건부침이', '#비건부침개', '#부침개', '#비건수시', '#비건한식', '#잡채', '#비건잡채', '#만두', '#김밥', '#비건김밥']",2021-09-22T04:45:36.000Z
406,"['#왕만두', '#만두', '#찐만두', '#만두맛집', '#만두스타그램', '#만두전골맛집', '#고기만두', '#소통', '#소통스타그램', '#좋반', '#좋반테러']",2021-09-22T04:40:13.000Z
407,"['#만두', '#임보', '#임보일기', '#임보중', '#사지말고입양하세요']",2021-09-22T04:38:15.000Z
408,"['#분식저녁', '#떡볶이', '#만두', '#꼬치어묵']",2021-09-22T04:31:53.000Z
409,"['#고양이', '#만두', '#추석후유증', '#피곤', '#고양이일상', '#cute', '#cat', '#fff', '#catlife', '#솜방망이', '#뚠뚠이']",2021-09-22T04:30:53.000Z
410,"['#바람난짬뽕수제비', '#얼큰칼국수', '#스팸주먹밥', '#잡채군만두', '#범계맛집', '#범계카페', '#평촌카페', '#안양카페', '#안양맛집', '#평촌맛집', '#먹스타그램', '#칼국수', '#칼국수맛집', '#스팸', '#수제비', '#수제비맛집', '#만두', '#만두맛집', '#먹방', '#빵', '#구움과자', '#맛집', '#팔로우', '#선팔', '#맞팔', '#푸드', '#food', '#디저트', '#디저트맛집']",2021-09-22T04:27:44.000Z
411,"['#일상', '#철원', '#철원맛집', '#춘천맛집', '#막국수맛집', '#철원막국수', '#수육', '#녹두빈대떡', '#만두', '#물막국수', '#비빔막국수', '#옥수수동동주', '#낮술', '#맛집탐방', '#먹방', '#인가족', '#접시싹싹', '#비오는수요일', '#드라이브', '#가족그램']",2021-09-22T04:25:52.000Z
412,"['joohoneywalker', '#JOOHONEYGRAM', '#주헌', '#JOOHEON', '#바바요', '#허니', '#에너지', '#호랑이', '#Behappystayhappy', '#만두', '#주꿀', '#애기꿀떡', '#우리허니잘생겼다', '#주헌이와_몬베베는_꿀떡궁합', '#몬스타엑스', '#MONSTAX', '#MONSTA_X', '#official_monsta_x', '#monstaxjooheon', '#MONSTAGRAM', '#몬스타그램', '#Monbebe', '#몬베베', '#WENEE', '#위니', '#KPOP']",2021-09-22T04:21:21.000Z
413,"['#만두전골', '#만두전골', '#만두', '#만두국', '#점심메뉴', '#점심', '#점심메뉴추천', '#먹스타그램', '#음식사진', '#먹깨비', '#먹방', '#먹방스타그램', '#맛스타그램', '#오늘뭐먹지', '#지니s_먹스타그램', '#먹팔', '#먹팔맞팔', '#먹방소통', '#좋반']",2021-09-22T04:19:05.000Z
414,"['#餃子女子', '#ちえ_餃子', 'hotei_benzaiten', '#弁財天', '#布袋', '#餃子', '#만두', '#gyoza', '#札幌餃子', '#餃子食べ歩き', '#ギョーザー', '#餃子女子', '#餃子スタグラム', '#餃子フェス', '#餃子好きな人と繋がりたい', '#餃子好き', '#餃子部', '#ギョーザ', '#札幌グルメ', '#札幌gourmet', '#北海道gourmet', '#北海道グルメ', '#札幌食べ歩き', '#B級グルメ', '#sapporo', '#hokkaido', '#JAPAN']",2021-09-22T04:15:23.000Z
415,"['#꾸심이네', '#토이저러스', '#송도왕밀면냉면', '#물밀면', '#물냉면', '#만두', '#돈까스', '#하삼동커피', '#내커피메이트', '#내뚱심', '#니가제일좋아', '#날씨무엇', '#뒹굴뒹굴하즈아']",2021-09-22T04:10:02.000Z
416,"['#추석음식', '#추석', '#수제만두', '#만두', '#새우만두', '#집밥', '#홈쿡', '#집스타그램', '#냉파', '#냉장고파먹기', '#일상', '#소통']",2021-09-22T04:02:11.000Z
417,"['#餃子女子', '#ちえ_餃子', 'gyoza_no_yamaokaya', '#餃子の山岡家', '#餃子', '#만두', '#gyoza', '#札幌餃子', '#餃子食べ歩き', '#ギョーザー', '#餃子女子', '#餃子スタグラム', '#餃子フェス', '#餃子好きな人と繋がりたい', '#餃子好き', '#餃子部', '#ギョーザ', '#札幌グルメ', '#札幌gourmet', '#北海道gourmet', '#北海道グルメ', '#札幌食べ歩き', '#B級グルメ', '#sapporo', '#hokkaido', '#JAPAN']",2021-09-22T03:56:37.000Z
418,"['#돼지국밥', 'jaehwankwon', '#대천국밥', '#대천국밥집', '#국밥', '#돼지국밥맛집', '#대구돼지국밥', '#대천동맛집', '#대천동', '#경상도돼지국밥', '#먹스타그램', '#먹스타그램', '#먹스타', '#해장', '#해장음식', '#해장국', '#대구맛집', '#대구맛집추천', '#대구돼지국밥맛집', '#진천역맛집', '#대구진천역맛집', '#대구월배맛집', '#월배맛집', '#돼지국밥', '#만두', '#국밥스타그램', '#해장스타그램', '#밥스타그램', '#밥스타']",2021-09-22T03:41:36.000Z
419,"['#sataysauce', '#dumpling', '#frieddumplings', '#friedpumpkin', '#pumpkin', '#mushroomdumplings', '#homemadedumplings', '#만두', '#수제만두', '#dumplings', '#dumplingsfordays', '#dumplingmaking', '#dumplinglover', '#homemadefood', '#lovecooking', '#homecooked', '#cookingaddict', '#homekitchen', '#foods', '#foodie', '#foodstagram', '#foodlovers', '#fooddecor', '#foodplating', '#foodstyling', '#cookingismypassion', '#cookingismyhobby', '#foodmakesmehappy', '#practicemakesperfect', '#culinary']",2021-09-22T03:31:53.000Z
420,"['#떡볶이', '#순대', '#만두', '#분식', '#저녁메뉴', '#분식', '#맛스타그램', '#먹스타그램', '#미시간', '#미국생활']",2021-09-22T03:25:09.000Z
421,"['#돼지갈비만두', '#갈비만두', '#돼지불갈비만두', '#불갈비만두', '#만두', '#군만두']",2021-09-22T03:15:44.000Z
422,"['#실외배변', '#시츄', '#만두']",2021-09-22T03:13:27.000Z
423,"['#강원도', '#막국수', '#황태막국수', '#동치미막국수', '#메밀', '#메밀만두', '#만두', '#찐만두', '#구운만두', '#맛집', '#강원도맛집', '#강원도막국수', '#강원도점심', '#맛점', '#점심', '#뭐먹지']",2021-09-22T03:11:34.000Z
424,"['#추석', '#시댁', '#송편', '#만두', '#전', '#행복한시간❤️']",2021-09-22T03:06:07.000Z
425,"['#배부리왕만두', '#만두', '#먹스타그램']",2021-09-22T03:00:28.000Z
426,"['#경복궁만두맛집', '#마시써', '#고글이네', '#볼빨간순진이', '#천방지축감자', '#애견', '#강아지', '#펫스타그램', '#집스타그램', '#스피츠', '#말티푸', '#인테리어', '#살림', '#집밥', '#먹방', '#맛집', '#interior', '#pets', '#home', '#cooking', '#selfie', '#happiness', '#walking', '#만두', '#dumpling']",2021-09-22T02:56:18.000Z
427,"['#만두만들기', '#만두', '#고기만두', '#고추만두', '#첫만두', '#요리스타그램', '#팔로워', '#인스타그램', '#추석', '#명절', '#팔로잉', '#먹방', '#만두소', '#내가한거', '#내가만든만두', '#dumplings', '#요리', '#cook', '#먹방', '#먹스타그램', '#나혼자']",2021-09-22T02:53:51.000Z
428,"['#구', '#남악맛집', '#오룡맛집', '#술빵', '#찐빵', '#만두', '#커피맛집', '#가장저렴한커피', '#창업', '#전국창업문의', '#삼일파라뷰', '#청포도에이드', '#딸기스무디']",2021-09-22T02:51:49.000Z
429,"['#수원시청역', '#북촌손만두', '#만두', '#비빔냉면', '#맛스타그램', '#먹스타그램', '#수원']",2021-09-22T02:46:08.000Z
430,"['#추석', '#추석음식', '#동그랑땡', '#동태전', '#전병', '#만두', '#기본카메라', '#음식', '#음식사진', '#사진', '#사진계정소통', '#사진계정', '#사진계정맞팔', '#사진취미']",2021-09-22T02:45:23.000Z
431,"['#애스타그램', '#개월', '#꾸러기', '#추석', '#만두', '#오코노미야끼', '#복분자', '#요미요미', '#콜라']",2021-09-22T02:40:12.000Z
432,"['#塩トマト', '#トマト', '#塩とまと', '#トマト入り', '#タイピーエン', '#たいぴーえん', '#麺', '#餃子', '#サラダ', '#면', '#점심', '#점심식사', '#식사', '#밥', '#혼자밥', '#혼밥', '#만두', '#샐러드', '#런치']",2021-09-22T02:35:57.000Z
433,"['#추석음식', '#집만두', '#만두', '#명절음식', '#명절만두', '#잡채', '#melbournelockdown', '#moonfestival', '#foodie', '#foodies', '#foodiegram', '#foodiesofinstagram', '#food', '#foodphotography', '#cooking', '#cook', '#cooking', '#cookingathome']",2021-09-22T02:34:46.000Z
434,"['#오남매_제주', '#제주생활', '#제주가족', '#추석', '#만두만들기', '#만두맛집']",2021-09-22T02:29:20.000Z
435,"['#김밥천국', '#김밥천국중곡역', '#김밥천국스페셜정식', '#돈까스', '#쫄면', '#김밥', '#만두', '#스페셜정식']",2021-09-22T02:28:19.000Z
436,"['#추석', '#할머니', '#할버지', '#만두']",2021-09-22T02:21:46.000Z
437,"['#만두', '#시우', '#루이']",2021-09-22T01:41:38.000Z
438,"['#浜松', '#浜松餃子', '#うまいもん空海', '#物産展', '#催事', '#焼き餃子', '#冷凍餃子', '#饺子', '#만두', '#Gyoza', '#餃子', '#東京', '#北千住', '#焼き餃子協会', '#マルイ']",2021-09-22T01:39:03.000Z
439,"['#추석', '#큰고양', '#왕귀욤', '#꽁치', '#고양이', '#cat', '#냥스타그램', '#냥', '#캣스타그램', '#집사', '#고영희', '#고양이인식표', '#냥통수', '#장꾸', '#캣초딩', '#코숏', '#만두', '#찐빵']",2021-09-22T01:36:13.000Z
440,"['#경남맛집', '#사천맛집', '#닭칼국수', '#칼국수', '#만두', '#노포맛집', '#진주맛집', '#맛고수', '#먹고수', '#해장', '#땡기네칼국수', '#먹스타그램', '#먹팔', '#먹스타그램맞팔']",2021-09-22T01:27:00.000Z
441,"['#쫄면', '#만두', '#홈쿡']",2021-09-22T01:25:28.000Z
442,"['#바지락칼국수', '#바지락', '#칼국수맛집', '#칼국수', '#신창동바칼', '#바칼', '#광주맛집', '#광주칼국수맛집', '#광주칼국수', '#첨단칼국수', '#수완칼국수', '#수완지구맛집', '#첨단맛집', '#신창동맛집', '#신가동맛집', '#국물맛집', '#팥죽', '#팥칼국수', '#김치', '#동지죽', '#보건대맛집', '#오늘뭐먹지', '#해장', '#만두', '#남부대', '#남부대맛집', '#해장맛집', '#보건대', '#광주칼국수']",2021-09-22T01:16:22.000Z
443,"['#맨두', '#안녕', '#만두', '#맨두', '#고양이', '#고양이스타그램', '#집사', '#집사스타그램', '#묘스타그램']",2021-09-22T01:16:21.000Z
444,"['#엄마표', '#만두', '#고기만두', '#집밥스타그램', '#만두맛집우리집']",2021-09-22T01:10:40.000Z
445,"['#추석', '#만두국', '#만두', '#손맛', '#먹스타그램', '#맛스타그램']",2021-09-22T01:06:54.000Z
446,"['#집밥', '#공주', '#쫄면', '#생선까스', '#만두', '#계란국', '#깻잎', '#먹방', '#먹스타그램']",2021-09-22T01:04:08.000Z
447,"['#横浜', '#中華街', '#中華街食べ歩き', '#焼き小籠包', '#上海小籠包', '#鵬天閣', '#豚肉', '#海鮮', '#杏仁豆腐ソフトクリーム', '#YOKOHAMA', '#CHINATOWN', '#요코하마', '#차이나타운', '#만두', '#군만두', '#아이스크림', '#행인두부']",2021-09-22T00:46:55.000Z
448,"['kimkunge', 'jin_heon', 'ashurma', '#석모도', '#추석당일', '#등산', '#산행', '#섬앤산', '#해명산', '#등산러', '#산쟁이들', '#등린이', '#등린이의도전', '#맛집', '#석모도맛집', '#칼국수', '#파전', '#만두', '#고생했어요']",2021-09-22T00:41:01.000Z
449,"['#회령손만두국', '#양평맛집', '#이북식손만두', '#만두', '#회령뚝배기', '#여행', '#먹스타그램', '#먹스타', '#먹방', '#일상', '#일상스타그램', '#좋아요반사', '#데일리', '#선팔하면맞팔', '#소통', '#먹팔환영', '#먹팔해요', '#인친환영', '#먹팔맞팔', '#술스타그램', '#커플스타그램', '#행복스타그램', '#데이트', '#럽스타그램', '#연애스타그램', '#즐거웠던하루', '#잘먹고잘놀았다', '#둘이서나눠먹기', '#여기맛집인정', '#다음에또먹으러가자']",2021-09-22T00:38:54.000Z
450,"['#후쿠오카한국교육원', '#감사합니다잘쓰겠습니다', '#한국사랑', '#사가에사는한국아줌마', '#한국맘', '#추석', '#보름달', '#만두', '#感謝', '#福岡韓国教育院', '#일본의일상', '#청년은아름답다', '#하늘', '#sky', '#축복', '#bless', '#시편편', '#추석', '#가족', '#koreanfood']",2021-09-22T00:35:16.000Z
451,"['#댕댕이', '#만두', '#사지말고입양하세요']",2021-09-22T00:13:45.000Z
452,"['#비숑프리제', '#추석연휴', '#강아지잠', '#만두']",2021-09-22T00:10:56.000Z
453,"['#heartfulloflove', '#happy', '#dog', '#dogoftheday', '#handsome', '#dogsofinstagram', '#doglife', '#doglover', '#doglovers', '#doglove', '#best', '#friends', '#jindo', '#jindomix', '#jindodog', '#koreanjindo', '#진도', '#진도믹스', '#댕댕이', '#반려견', '#반려견그램', '#반려견일상', '#반려견스타그램', '#진돗개', '#백구', '#순딩이', '#만두', '#순만두']",2021-09-22T00:09:09.000Z
454,"['#만두', '#보더콜리', '#귀여미', '#❤️']",2021-09-21T23:35:09.000Z
455,"['#choosuk', '#추석', '#chuseok', '#koreanfood', '#korean', '#korea', '#bibimbap', '#비빔밥', '#dumplings', '#mandu', '#만두', '#harvest', '#festival', '#holiday', '#food', '#kuun', '#autumn', '#fall', '#endofsummer']",2021-09-21T23:32:47.000Z
456,"['#dog', '#푸들', '#화이팅챌린지', '#daily', '#dog_of_instagram', '#dogoftheday', '#dogs', '#강아지', '#만두', '#개스타그램', '#푸들', '#멍스타그램', '#instdog', '#srd', '#cachorro', '#selfie', '#selfiedog', '#dogofinstagram', '#dogstagram', '#follow', '#ff', '#ll']",2021-09-21T23:12:42.000Z
457,"['#이마트에브리데이', '#벤츠메뉴얼', '#아델스코트cc', '#만두']",2021-09-21T23:09:15.000Z
458,"['#추석', '#만두', '#파이', '#정은']",2021-09-21T22:43:49.000Z
459,"['#마라탕', '#만두', '#중국술', '#삼겹살', '#튀깁', '#대선', '#송편', '#추석', '#가족', '#고량주', '#샤인머스켓']",2021-09-21T22:12:52.000Z
460,"['drea_coubzz', 'itsame_na', '#birthday', '#wootwoot', '#japanfes', '#astorplace', '#donutpub', '#dumplings', '#pizza', '#donuts', '#friends', '#ohsogood', '#생일', '#친구', '#만두', '#피자', '#도넛', '#뉴욕', '#셀카']",2021-09-21T22:09:02.000Z
461,"['#추석저녁식사', '#감사한나날들', '#만두', '#계란말이', '#돼지고기샐러드', '#미소시루', '#버섯영양밥', '#뉴저지일상', '#뉴저지생활', '#뉴저지라이프']",2021-09-21T22:02:26.000Z
462,"['#장모님', '#요리', '#관심', '#김치만두', '#집만두', '#음식', '#친정엄마', '#시댁', '#시어머니', '#사랑', '#이별', '#만두', '#짠함', '#손맛', '#흉내', '#김치', '#딸', '#며느리', '#매일쓰기', '#글쓰기', '#쓰기', '#공감', '#에세이', '#공감에세이', '#글스타', '#글그램', '#감성그램', '#공감그램', '#에세이그램', '#에세이스타그램']",2021-09-21T20:34:24.000Z
463,"['#먹스타맞팔', '#맞팔해요', '#먹팔', '#맞팔', '#먹스타', '#먹스타그램', '#소문난칼국수', '#다신안가', '#맛없어', '#칼국수', '#만두', '#일상', '#점심', '#소통해요', '#맞팔스타그램', '#내돈내산', '#일상사진', '#일상기록', '#소통', '#좋아요']",2021-09-21T18:43:20.000Z
464,"['#냉모밀', '#메밀국수', '#최고']",2021-09-21T17:01:45.000Z
465,"['#떡볶이', '#가래떡', '#튀김', '#부산', '#금천구맛집', '#금천배달맛집', '#배달맛집', '#배달음식', '#김밥', '#만두', '#분식', '#배달의민족', '#점심메뉴', '#할머니가래떡볶이', '#남포동']",2021-09-21T16:08:16.000Z
466,"['#홍마방', '#마라탕', '#마라샹궈', '#만두', '#염창동맛집', '#만두', '#화장실은']",2021-09-21T16:02:45.000Z
467,"['#수원본만두', '#본만두', '#만두맛집', '#만두그램', '#수원맛집', '#만두전골전문점', '#맛그램', '#먹부림', '#먹스타그래', '#맛집탐방', '#맛집투어', '#초등맘', '#육아맘', '#육아맘맞팔', '#점심', '#점심메뉴', '#점심메뉴추천', '#육아맘소통', '#수원점심', '#만두', '#먹부림']",2021-09-21T15:59:43.000Z
468,"['#여행', '#산청', '#남원', '#광한루원', '#야경', '#럽스타그램', '#만두', '#그만']",2021-09-21T15:48:06.000Z
469,"['#만두', '#찐만두', '#손만두', '#새우만두', '#골목대장손만두']",2021-09-21T15:36:45.000Z
470,"['#만두', '#찐만두', '#손만두', '#김치만두', '#골목대장손만두']",2021-09-21T15:33:19.000Z
471,"['#koreanfood', '#dumplings', '#ddukbokki', '#dumplingtime', '#koreanfoodlover', '#분식', '#koreanstreetfood', '#dmvfoodiecrew', '#mdfoodie', '#cheapeats', '#dmvfoodie', '#떡볶이', '#만두', '#치킨', '#asianfood', '#dmvfood', '#instagramfoodies', '#dumplinglove', '#foodinstagram', '#igeats', '#foodtalk', '#phoneeatsfirst', '#koreanfoods', '#dumplingsfordays', '#spicyfoods', '#foodforlife', '#eatfortheinsta', '#cheatdayeats', '#instagramfood', '#brbdrooling']",2021-09-21T15:28:41.000Z
472,"['#강산이', '#삽살이', '#보름이', '#저녁', '#행복', '#동행', '#추석', '#한가위', '#시골생활', '#동물', '#동영상', '#함께해요', '#공감', '#소통', '#만두']",2021-09-21T15:20:13.000Z
473,"['#healthyrecipes', '#새우튀김', '#기름떡볶이', '#しょくじ', '#백반맛집', '#꽃등심', '#떡만두국', '#famille', '#diabetesfood', '#かおく', '#쌈채소', '#teatime', '#stroll', '#김밥도시락', '#bbq', '#meal', '#beefribs', '#carnivore', '#calabazadulce', '#spaghetti', '#beer', '#호박전', '#만두', '#udon', '#ketofood', '#꽃등심', '#흑돼지구이', '#꼬마김밥', '#cheatmeal', '#오늘의밥상', '#からあげ']",2021-07-24T21:56:34.000Z
474,"['#만두', '#찐만두', '#손만두', '#고기만두', '#골목대장손만두']",2021-09-21T15:15:16.000Z
475,"['#보성순두부감자탕', '#기장', '#배달의민족', '#김치순두부세트', '#순한맛', '#김치순두부인', '#공기밥개', '#스팸계란후라이개', '#만두', '#반찬', '#갈비만두변경', '#추가', '#리뷰이벤트', '#리뷰참여', '#음료수', '#사이다', '#서비스', '#좋아요', '#맛나요', '#존맛', '#jmt', '#먹스타그램']",2021-09-21T15:12:19.000Z
476,"['#만두', '#멍멍이', '#보더콜리', '#기요미']",2021-09-21T15:05:02.000Z
477,"['#daily', '#dayoff', '#추석', '#점심', '#율동공원', '#함흥냉면', '#물냉면', '#비빔냉면', '#만두']",2021-09-21T14:55:11.000Z
478,"['#강아지', '#만두', '#강아지그램', '#한밤중', '#물오른미모', '#길동이는산책중', '#고양이강아지', '#고양이강아지일상']",2021-09-21T14:52:09.000Z
479,"['#첫줄안녕', '#좋반', '#반사', '#추석이라문연곳이여기뿐', '#ㅋㅋㅋㅋ', '#새로생긴곳', '#안먹어바서모름', '#만두', '#갈비탕', '#물냉', '#다', '#별로였어', '#ㅋㅋㅋㅋㅋㅋ', '#안가야지', '#이즈형', '#이즈쌤', '#이즈형아', '#이즈형과함께', '#자양동기사식당']",2021-09-21T14:44:02.000Z
480,"['#고추잡채', '#먹방', '#만두', '#진빵', '#힐링']",2021-09-21T14:41:20.000Z
481,"['#치킨', '#짜장면', '#족발', '#칼국수', '#돈까스', '#막창', '#떡볶이', '#피자', '#파스타', '#초밥', '#삼겹살', '#쫄면', '#양념게장', '#라면', '#만두', '#닭갈비', '#막국수', '#부대찌개', '#회덥밥', '#비빔밥', '#헴버거']",2021-09-21T14:34:51.000Z
482,"['#친정찬스', '#이틀째', '#천안맛집', '#홈파티', '#아들둘맘', '#친구', '#닭백숙', '#능이', '#닭도리탕', '#만두']",2021-09-21T14:30:59.000Z
483,"['#추석', '#송편', '#만두', '#산적꼬치', '#육전', '#호박전', '#새우튀김', '#표고버섯', '#대구전', '#고추전', '#연근튀김', '#동그랑땡', '#맛살깻잎말이', '#고구마튀김']",2021-09-21T14:18:59.000Z
484,"['#만두', '#고기만두', '#김치만두', '#맥주', '#필라이트', '#후레쉬', '#발포주', '#만맥', '#만발', '#찐만두', '#간식', '#야식', '#안주', '#캔맥주', '#餃子', '#ビール', '#beer', '#dumplings', '#꿀맛', '#이폭간', '#먹스타그램', '#만두스타그램']",2021-09-21T14:14:32.000Z
485,"['#포일부산가야밀면', '#비빔밀면곱배기', '#물밀면', '#만두', '#의왕맛집', '#의왕밀면맛집추천', '#포일동맛집', '#포일동밀면맛집', '#안양맛집', '#안양밀면', '#인덕원맛집', '#인덕원밀면맛집', '#의왕배달맛집', '#포일동배달맛집', '#밀면맛집', '#재방문각']",2021-09-21T14:12:22.000Z
486,"['#푸드스타그램', '#음식', '#음식스타그램', '#삼겨살', '#육개장', '#비빔냉면', '#군만두', '#만두', '#화요일']",2021-09-21T14:11:37.000Z
487,"['#호주에사는한국여자들', '#호주에서추석보내기', '#상경언니네', '#즐추석', '#음식솜씨좋은언니들', '#송편', '#만두', '#잡채', '#전', '#해물전골', '#삼색나물', '#구절판', '#창란젖갈', '#집밥', '#명절음식', '#한국의맛', '#점심', '#저녁', '#다해결하고옴', '#남은거다바리바리사들고옴', '#친정다녀온기분', '#언니들최고', '#koreanfood', '#koreanstyle', '#thanksgiving', '#homemadefood', '#withsis', '#goodfriendsgoodtimes']",2021-09-21T13:52:10.000Z
